1,Robers,Bernardez,rbernardez0@stumbleupon.com,PjOpUMP,2002-07-08,Versatile eco-centric moderator
2,Michal,Arpur,marpur1@vistaprint.com,mpmO330c,2004-06-22,Diverse actuating benchmark
3,Nadeen,Verdun,nverdun2@discuz.net,FVPZfzk2uRj,2016-07-02,Right-sized tangible policy
4,Winny,Faircliffe,wfaircliffe3@tripadvisor.com,ohv9ejiG841,2008-11-07,Exclusive value-added encoding
5,Ripley,Badsey,rbadsey4@yellowpages.com,rd8tzNY,2011-09-05,Front-line stable circuit
6,Kristan,Baldin,kbaldin5@usatoday.com,EVX2gVjwv,2008-05-31,Seamless 24/7 standardization
7,Estrella,Baggott,ebaggott6@msu.edu,MwDT58P4W,2006-05-19,Ameliorated intangible orchestration
8,Meg,Witard,mwitard7@house.gov,817jvxnbtSRs,1991-11-03,Organic multimedia Graphic Interface
9,Devlen,Godsal,dgodsal8@cbc.ca,bF1m9D3wcA1T,2013-08-08,Multi-layered zero tolerance middleware
10,Shirley,Oaten,soaten9@sun.com,U0ufi5,2019-05-23,Organized real-time open architecture
11,Binky,Portam,bportama@blogtalkradio.com,thRCgEVwC,2019-09-18,Extended hybrid projection
12,Leroy,Jimenez,ljimenezb@wordpress.com,EXEiGL1Tf5W,1993-12-22,Re-engineered 24 hour leverage
13,Ashton,Archley,aarchleyc@hp.com,xBCCmbohQ,2011-07-11,Monitored system-worthy complexity
14,Fraser,Labeuil,flabeuild@ucoz.ru,G196Qq,2009-05-01,Advanced solution-oriented standardization
15,Catriona,Duckinfield,cduckinfielde@google.co.uk,5pwn75,2009-07-28,Total bifurcated parallelism
16,Ortensia,Freake,ofreakef@xrea.com,5fAcq8vFI,1995-12-05,Devolved modular concept
17,Brnaba,Brithman,bbrithmang@cargocollective.com,fo6hP2GqtuL,2005-09-10,Secured multi-tasking contingency
18,Pauly,Clewer,pclewerh@mapquest.com,ajvIyY8o,2018-09-06,Front-line bi-directional process improvement
19,Valerye,Reolfi,vreolfii@rambler.ru,oqxESCbW,2004-01-19,Enterprise-wide uniform extranet
20,Ilario,Muselli,imusellij@typepad.com,AZRwcu52ZXKr,2006-01-07,Upgradable even-keeled database
21,Alberik,Cicculini,acicculinik@guardian.co.uk,l2K4AnecR5,2007-05-28,Public-key global open architecture
22,Kim,Sabbins,ksabbinsl@wisc.edu,Zq9HfPx5N,2006-12-23,Synergized multimedia instruction set
23,Tedman,Boggers,tboggersm@boston.com,ia1l9WiRRp,2007-02-03,Persevering motivating functionalities
24,Greggory,Lewerenz,glewerenzn@gov.uk,inp1ct4h7dV9,1992-05-13,Reactive heuristic process improvement
25,Bond,Bax,bbaxo@opensource.org,HvbRCvTEeV,2015-06-19,Universal full-range algorithm
26,Kayle,Tyce,ktycep@nydailynews.com,49XtIBzuDJh,2021-05-21,Horizontal secondary attitude
27,Angelia,Dillingston,adillingstonq@4shared.com,JPDqpbRU,2007-05-08,Virtual stable strategy
28,Ramona,Duncombe,rduncomber@cbsnews.com,HUJakvzjb,2020-01-30,Up-sized full-range policy
29,Waverley,Stagge,wstagges@hexun.com,gRbWnJzC,2006-01-27,Switchable empowering concept
30,Artemus,Cradey,acradeyt@1und1.de,JoLfrXFp0u,2008-02-24,Business-focused scalable capacity
31,Melamie,Grayshan,mgrayshanu@disqus.com,ThEbgsEXj6TD,1993-11-14,Customizable next generation knowledge user
32,Sebastien,Pitrelli,spitrelliv@adobe.com,qPGkmaIedcIo,2004-05-03,Ergonomic multi-tasking database
33,Madelin,Lackemann,mlackemannw@narod.ru,Bwbb66rCBgon,2020-07-31,Secured intangible collaboration
34,Beniamino,Fair,bfairx@auda.org.au,ItXJWA8cMbJ9,1992-02-15,Operative fresh-thinking hardware
35,Dwain,Clements,dclementsy@hao123.com,LlZYKaCs,2020-12-22,Right-sized grid-enabled encoding
36,Moselle,Briston,mbristonz@ehow.com,h07OI0,2020-02-14,Multi-layered bifurcated architecture
37,Larissa,Austin,laustin10@cnn.com,fdyIPqLVoI1D,2015-09-04,Compatible system-worthy Graphical User Interface
38,Kenon,Glendzer,kglendzer11@etsy.com,5dKU4tBbNC3,2017-01-07,Distributed multimedia hardware
39,Honor,Hamsley,hhamsley12@elpais.com,Q6aPxq,2007-12-24,Reduced scalable conglomeration
40,Wanids,Parnaby,wparnaby13@jimdo.com,tldyJVMR5,1994-05-14,Automated exuding strategy
41,Stacia,Lafayette,slafayette14@friendfeed.com,7VFN95OCGt,2018-11-19,Organic eco-centric installation
42,Townie,Muge,tmuge15@youtu.be,rZKVO247BP,2015-09-28,Decentralized interactive array
43,Townie,Grigoryov,tgrigoryov16@blogspot.com,VYuj7Ma,2007-02-25,Adaptive tertiary methodology
44,Callean,Eberts,ceberts17@paypal.com,Nvymp40,2015-07-03,Visionary bandwidth-monitored projection
45,Barbara,Bern,bbern18@technorati.com,1OXkNQWAVDP,1996-06-12,Integrated optimal Graphical User Interface
46,Lia,Escoffrey,lescoffrey19@bluehost.com,1dTKsXn1,2014-01-06,Distributed regional interface
47,Ailene,Keasey,akeasey1a@angelfire.com,uAW9i9P,1993-04-11,Virtual client-server strategy
48,Andre,Folomin,afolomin1b@instagram.com,GjJNUn5RxX,1998-04-14,Phased explicit focus group
49,Steffen,Novotne,snovotne1c@google.pl,DytAcb1t2L,1996-08-01,Cloned background open architecture
50,Orel,Chorlton,ochorlton1d@geocities.jp,RgBVcsuDn,1993-10-20,Cloned neutral approach
51,Othello,Ugolini,ougolini1e@vk.com,WNDWDJ,2003-08-27,Synergistic logistical artificial intelligence
52,Ilyse,Deverall,ideverall1f@oracle.com,fV0ZB0fy60,2002-03-21,Front-line well-modulated concept
53,Alena,O'Deegan,aodeegan1g@gravatar.com,2Bgi1kbOGH,2007-10-12,Fully-configurable multi-state architecture
54,Flint,Laing,flaing1h@gizmodo.com,10bxMoJI,2009-04-08,Distributed bottom-line attitude
55,Rosalia,Djurdjevic,rdjurdjevic1i@about.com,rHxYFFr,2004-10-04,Cross-platform reciprocal capability
56,Annemarie,Tooher,atooher1j@weebly.com,4z6tdwKJPv8,2009-06-24,Mandatory cohesive customer loyalty
57,Gweneth,Demoge,gdemoge1k@narod.ru,BY6l6kgGCAru,2007-04-29,Operative next generation task-force
58,Lauryn,MacKimmie,lmackimmie1l@sciencedirect.com,kMRnXJJTZP,2001-03-03,Optional homogeneous framework
59,Ferrel,Jonin,fjonin1m@paginegialle.it,MBJZEe,2013-09-21,User-friendly client-server approach
60,Boyd,Siuda,bsiuda1n@miibeian.gov.cn,8tytJqMXo54o,1999-11-18,Cross-group context-sensitive strategy
61,Pacorro,Greatorex,pgreatorex1o@about.com,d5nCapys2,2001-12-09,Multi-lateral explicit policy
62,Rochette,Ribchester,rribchester1p@about.com,FoWZePPYmNex,2019-05-16,Compatible empowering middleware
63,Bail,Slainey,bslainey1q@discuz.net,jG2GgIN,2019-07-19,Expanded uniform open system
64,Loren,Elwyn,lelwyn1r@jugem.jp,Xx8UVjwIfl,1999-08-24,Realigned non-volatile orchestration
65,Fan,Heinecke,fheinecke1s@unc.edu,qYBv5Kh,2010-01-24,Integrated asymmetric extranet
66,Ginger,Tomasian,gtomasian1t@seesaa.net,5Ui8wyXYoV,1995-12-18,Future-proofed intangible product
67,Arielle,Wordsworth,awordsworth1u@cmu.edu,QqCucw,2010-02-12,Enhanced motivating knowledge base
68,Moises,Fishburn,mfishburn1v@deliciousdays.com,JIeAfV,2011-10-05,Proactive demand-driven workforce
69,Doll,Calken,dcalken1w@mashable.com,nz6jO5Y,2021-01-09,Open-source maximized concept
70,Kelbee,Maudling,kmaudling1x@symantec.com,gDDzZn6xU,2004-11-07,Customizable real-time contingency
71,Ophelia,Garnsey,ogarnsey1y@mapy.cz,LwARFg,2017-12-26,Triple-buffered national leverage
72,Kaile,Chippindall,kchippindall1z@ocn.ne.jp,TduJPIJH8,1998-05-26,Upgradable global frame
73,Sophie,Endle,sendle20@mashable.com,fsVMXk,1993-04-02,Reverse-engineered 5th generation definition
74,Cherilynn,Whitington,cwhitington21@nyu.edu,WxCm4u,2002-11-20,Optimized homogeneous attitude
75,Cesaro,Edgecumbe,cedgecumbe22@dyndns.org,MzcBDNR9,2005-05-20,Decentralized explicit forecast
76,Francklyn,Killigrew,fkilligrew23@elpais.com,O9elIh,2020-11-22,Horizontal well-modulated conglomeration
77,Marijn,Balaizot,mbalaizot24@instagram.com,rPrtBImEzqkv,2019-06-30,Public-key full-range function
78,Haskell,Allone,hallone25@stanford.edu,o9Zdc2Hjs,2017-06-12,Extended holistic toolset
79,Northrop,Nichols,nnichols26@etsy.com,4buwPAdP,2004-12-28,Reactive user-facing extranet
80,Kort,Sans,ksans27@google.co.jp,fa6XwB,2014-10-22,Customer-focused global protocol
81,Padget,Mullenger,pmullenger28@google.co.jp,F0xRrZISjc6Z,1995-09-15,Cross-platform homogeneous architecture
82,Jobina,Palay,jpalay29@theglobeandmail.com,1gyOIjI,2015-01-26,Focused global moratorium
83,Yasmin,Chupin,ychupin2a@wisc.edu,COkexFrHZIlx,2005-11-05,Optional dynamic local area network
84,Augy,Defty,adefty2b@independent.co.uk,AgccE5yUK,2010-04-25,User-centric reciprocal concept
85,Wynne,Pennazzi,wpennazzi2c@house.gov,m2oKNDv5,2014-03-31,Focused executive circuit
86,Laureen,Povah,lpovah2d@creativecommons.org,XoNsWOe,1991-08-22,Decentralized interactive approach
87,Adan,Edmonstone,aedmonstone2e@stumbleupon.com,r60ovg9,2018-06-08,Configurable uniform project
88,Hurlee,Smithson,hsmithson2f@usda.gov,DpPUrU770m,2004-01-15,Total asynchronous product
89,Bobbe,Scott,bscott2g@tamu.edu,pmCROSx5fIYM,2017-03-04,Profit-focused impactful support
90,Brooke,Pendlebury,bpendlebury2h@illinois.edu,1b7Fbp,1998-09-29,Visionary solution-oriented data-warehouse
91,Karine,Trighton,ktrighton2i@adobe.com,lhShRmLG,2021-09-30,User-centric needs-based process improvement
92,Gaylor,Prime,gprime2j@wix.com,ObZadHiZ8ST,2002-02-17,Enhanced client-driven Graphic Interface
93,Nobe,MacGinley,nmacginley2k@smh.com.au,t8eLm9l,2002-12-12,Distributed leading edge implementation
94,Christiana,Durling,cdurling2l@google.ca,2G1BesE,2011-06-23,Right-sized asynchronous definition
95,Quinta,Boreland,qboreland2m@myspace.com,N5dW0HQ,2000-04-14,Multi-tiered 4th generation groupware
96,Alaster,Barradell,abarradell2n@nsw.gov.au,9B3ws9eE3Sr,2002-05-31,Virtual user-facing extranet
97,Louise,Bruneau,lbruneau2o@t-online.de,YEykvT45hnvE,2018-10-09,Quality-focused executive attitude
98,Maritsa,Ritelli,mritelli2p@simplemachines.org,Nw9BQgTBdbp,2015-07-05,User-friendly 5th generation firmware
99,Rozalie,Pickett,rpickett2q@moonfruit.com,egCt1KS,1998-07-28,Public-key cohesive access
100,Dannie,Massy,dmassy2r@biblegateway.com,c0Pzaubgt,1998-11-13,Reactive 24 hour implementation
101,Ninon,Van Baaren,nvanbaaren2s@mayoclinic.com,RUr4nj4TLUn,1997-09-06,Front-line system-worthy algorithm
102,Simona,Blizard,sblizard2t@vimeo.com,iiQtw8xqu7xN,2016-05-31,Ergonomic bi-directional firmware
103,Lynnet,Baldassi,lbaldassi2u@japanpost.jp,YAxRWXZ,1990-12-08,Exclusive encompassing knowledge base
104,Esta,Pregal,epregal2v@xinhuanet.com,ZkxkNrOovr4,1991-05-02,Virtual zero tolerance function
105,Stavro,Blaschke,sblaschke2w@mayoclinic.com,qDrKMqErsH56,2009-04-19,Future-proofed system-worthy groupware
106,Pepi,Macias,pmacias2x@blogs.com,FspO4sZ,2012-10-05,Object-based systemic solution
107,Lewes,Adrain,ladrain2y@jimdo.com,0Q2EyuvXUBLx,1997-12-16,Distributed well-modulated archive
108,Lucien,Rissom,lrissom2z@imageshack.us,watMJEy6Mk,2018-03-04,Streamlined grid-enabled standardization
109,Kayley,Brayshay,kbrayshay30@newyorker.com,PYduDQ3,2022-01-19,Synchronised 6th generation functionalities
110,Mortimer,Berthon,mberthon31@wiley.com,vRBeMH,2013-01-26,Secured non-volatile function
111,Patin,De Michetti,pdemichetti32@livejournal.com,5SpWCXCAEC,2010-12-30,Fully-configurable contextually-based forecast
112,Corliss,Pariso,cpariso33@deviantart.com,DgzlmRRTtvQt,1997-07-26,Realigned hybrid intranet
113,Angel,Nicolls,anicolls34@answers.com,sXbmgVdqhb7g,1996-06-22,Organized client-driven utilisation
114,Ainslie,Cossar,acossar35@blogspot.com,2zttNb,2014-07-22,Horizontal modular groupware
115,Frants,Vokes,fvokes36@seattletimes.com,VFVu0GBSafC,2015-08-11,Face to face national database
116,Devina,Scorton,dscorton37@about.com,wGUoxVB,1994-08-11,Configurable hybrid methodology
117,Mariya,Droghan,mdroghan38@wordpress.org,NCdjBU8DRG,1994-08-14,Fully-configurable coherent firmware
118,Zuzana,Belford,zbelford39@qq.com,Yb9qV4ckDeI,1994-05-25,Cross-group well-modulated collaboration
119,Cathleen,Gonzales,cgonzales3a@w3.org,aLwBemKL9Nd,2013-06-25,Progressive stable analyzer
120,Buddie,Vautin,bvautin3b@mediafire.com,AOZrqI0ywk,1993-03-05,Down-sized background structure
121,Anestassia,Pensom,apensom3c@bloglovin.com,xLxOcf4i54,2020-10-02,Persevering client-driven Graphic Interface
122,Lyell,McCraw,lmccraw3d@icio.us,4asQdEchH,2004-11-26,Multi-lateral background concept
123,Rosalinde,Minci,rminci3e@vimeo.com,LoymPA7e02,2005-11-25,Front-line needs-based structure
124,Berta,Grieswood,bgrieswood3f@tinyurl.com,KMEV0zjYKh,2012-09-11,Distributed systemic attitude
125,Gradeigh,Paoloni,gpaoloni3g@bandcamp.com,1J9nFYNUYLj,2012-05-28,Ergonomic scalable contingency
126,Benedick,Grayshan,bgrayshan3h@microsoft.com,Vor4Hny4,1999-10-14,Profit-focused object-oriented contingency
127,Olympia,O'Lochan,oolochan3i@so-net.ne.jp,012K0o8z2,1991-05-06,Synergistic global migration
128,Morie,Crathorne,mcrathorne3j@nba.com,vWiRJBj,1990-12-05,Upgradable clear-thinking architecture
129,Kerk,Kearn,kkearn3k@imgur.com,4XM0u91XGn4r,2006-06-16,De-engineered 24/7 archive
130,Way,Daymond,wdaymond3l@marketwatch.com,aftVEn0,2003-06-14,Polarised optimal hardware
131,Marybelle,Labes,mlabes3m@icq.com,wldoRH,1994-08-21,Reactive exuding artificial intelligence
132,Albert,Casebourne,acasebourne3n@mayoclinic.com,MIxNB5SIktd0,2010-03-05,Total dynamic standardization
133,Siegfried,Cominello,scominello3o@paginegialle.it,zyi5XQ9,2002-05-14,Pre-emptive content-based Graphical User Interface
134,Nanette,Navarro,nnavarro3p@yelp.com,PDbvxHk3Pr,2006-03-17,Customer-focused didactic functionalities
135,Humberto,Lamberth,hlamberth3q@sciencedirect.com,EShauof,2016-03-28,Fully-configurable 24/7 database
136,Abbey,Bestwall,abestwall3r@symantec.com,qaX5mSU,1998-08-21,Robust interactive moratorium
137,Sandie,Gummie,sgummie3s@csmonitor.com,tGjBI7lDySUN,2020-02-16,Self-enabling methodical model
138,Vinnie,Gheeraert,vgheeraert3t@technorati.com,E7kY42C,2005-10-13,User-friendly explicit leverage
139,Mary,Bottrill,mbottrill3u@bloglovin.com,iZy0ccm,2006-04-28,Organic web-enabled intranet
140,Laney,Eberst,leberst3v@multiply.com,pEO8liYij8,2010-05-08,Re-contextualized interactive interface
141,Elvin,Churchard,echurchard3w@indiegogo.com,ueGQai,1992-10-15,Intuitive optimal process improvement
142,Blakeley,Held,bheld3x@reference.com,y1Bg2K,2014-07-20,Cloned scalable groupware
143,Issy,Teas,iteas3y@jimdo.com,8O4ocnfTbbSf,2001-11-15,Multi-layered global access
144,Pennie,Yeowell,pyeowell3z@webmd.com,cXsmCx5iBd,2017-01-08,Object-based 3rd generation groupware
145,Elias,O' Kelleher,eokelleher40@tmall.com,Kk3PlK,2001-10-06,Upgradable systemic system engine
146,Clarance,Kinglesyd,ckinglesyd41@tinyurl.com,c5hEqx,2007-03-17,Enhanced fault-tolerant database
147,Craggy,Do,cdo42@noaa.gov,iFr6lbefP,2000-02-10,Customizable leading edge architecture
148,Olenka,Kirkham,okirkham43@google.nl,94Ad1qs,2005-07-09,Cross-group disintermediate service-desk
149,Meredithe,Parsonson,mparsonson44@independent.co.uk,nirLRVYgg0,2019-05-03,Down-sized upward-trending middleware
150,Byram,Tisor,btisor45@google.ca,Z37zz7I,1997-09-30,Programmable 5th generation migration
151,Jacklyn,Colquete,jcolquete46@dion.ne.jp,Wxb0M7,2004-07-17,Pre-emptive logistical attitude
152,Ora,Moretto,omoretto47@statcounter.com,E59jcizqapE,2008-11-07,Mandatory client-server neural-net
153,Kelbee,Paynes,kpaynes48@jalbum.net,voV88ivmQDP,2014-08-08,Future-proofed national challenge
154,Hanny,Thornton-Dewhirst,hthorntondewhirst49@bbb.org,JF72xGoiJqr,2014-05-29,Enhanced national artificial intelligence
155,Hunfredo,Tomblin,htomblin4a@studiopress.com,wu6VHCs,1993-08-23,Streamlined national strategy
156,Fabe,Mathon,fmathon4b@photobucket.com,ZqN7bReIn,1995-10-04,Balanced responsive frame
157,Janice,Leftwich,jleftwich4c@feedburner.com,el2CxD5,1996-03-08,Function-based heuristic standardization
158,Clareta,Neame,cneame4d@microsoft.com,n9oJNNSt2,2003-09-17,Front-line upward-trending functionalities
159,Sheilakathryn,Longley,slongley4e@prlog.org,nnTibe0a,2001-02-07,Open-source intangible strategy
160,Helenelizabeth,Padly,hpadly4f@people.com.cn,QS6QxFxu,2016-08-15,Adaptive real-time initiative
161,Budd,Speake,bspeake4g@flavors.me,6DPnDUQ,2016-12-03,Upgradable composite function
162,Jodie,Briand,jbriand4h@huffingtonpost.com,NIEbRuFev,2019-11-11,Grass-roots multimedia model
163,Evelyn,Gussie,egussie4i@npr.org,0hEelio,2003-08-07,Up-sized holistic moratorium
164,Corliss,Larham,clarham4j@live.com,gF4aeFZPrQr,2002-04-14,Proactive multimedia forecast
165,Moreen,Chattelaine,mchattelaine4k@apache.org,HohjrA2omAm,1992-07-15,Team-oriented motivating matrices
166,Tyler,Klimp,tklimp4l@linkedin.com,Vch1dK,2006-05-15,Upgradable bottom-line benchmark
167,Ivy,Kenningham,ikenningham4m@drupal.org,wNlBFSi3ong,2003-01-23,Diverse analyzing archive
168,Shanon,McCague,smccague4n@netlog.com,pzsho1,2018-10-24,Multi-channelled reciprocal encryption
169,Nessy,Paffot,npaffot4o@nydailynews.com,kFTILCg6d,2016-01-10,Proactive holistic neural-net
170,Melany,Kennan,mkennan4p@phpbb.com,kmswsrL,2003-05-20,Vision-oriented demand-driven definition
171,Stacee,Schieferstein,sschieferstein4q@cafepress.com,v5TvzxENs9V,2011-09-30,Multi-layered 4th generation focus group
172,Vasilis,Orsi,vorsi4r@wordpress.com,ZKpZA5yxWu,1991-02-28,Proactive scalable encoding
173,Aylmar,Penticoot,apenticoot4s@altervista.org,905D4piJl,1993-07-28,Progressive content-based workforce
174,Bliss,Risbridge,brisbridge4t@walmart.com,PhP2rEsoqa,1993-11-04,Cloned client-server encoding
175,Burg,Timeby,btimeby4u@a8.net,mL4nVIrfm,2001-09-06,Extended neutral algorithm
176,Burl,de Keep,bdekeep4v@europa.eu,ck7iduR,2013-04-21,Intuitive encompassing orchestration
177,Holly-anne,Mackneis,hmackneis4w@wikispaces.com,Y7RZf4J,2018-02-25,Profound eco-centric challenge
178,Sergent,Hullah,shullah4x@icq.com,yV9q0jrOM8fd,2016-04-21,Networked upward-trending internet solution
179,Aveline,Tudhope,atudhope4y@gov.uk,0oTrhJ0ptC,2021-04-01,Open-source uniform hardware
180,Kariotta,Rubinfajn,krubinfajn4z@mediafire.com,nO5gqsv,2015-09-21,Ameliorated client-driven synergy
181,Becka,Undrell,bundrell50@shutterfly.com,LW7FPJAcj,1994-11-16,Multi-layered optimal function
182,Issi,Blackie,iblackie51@ask.com,dmM40Cjlzg,2004-05-02,Configurable dedicated throughput
183,Odille,Tidbury,otidbury52@boston.com,mFaspRmXi0jU,2007-03-15,Upgradable secondary core
184,Gratia,Dyne,gdyne53@pcworld.com,540jJti8Fp,2016-12-18,Right-sized value-added info-mediaries
185,Charo,Corss,ccorss54@tmall.com,GHoaoF5H,2019-06-26,Ergonomic actuating access
186,Ally,Downage,adownage55@w3.org,5CurzZl,2019-01-18,Networked modular knowledge user
187,Roana,Teek,rteek56@answers.com,0WmEQLp,1995-04-14,Multi-tiered client-driven implementation
188,Colas,Ditty,cditty57@springer.com,798vEu0g,1991-03-20,Mandatory motivating interface
189,Jimmie,Gosson,jgosson58@bing.com,MLhHYxZhe,2010-06-13,Reverse-engineered fresh-thinking monitoring
190,Marcel,Brosenius,mbrosenius59@cyberchimps.com,FJr1n2,2005-05-10,Networked dedicated knowledge base
191,Elli,Follet,efollet5a@drupal.org,PlDzLNdQ3,2015-07-23,Seamless bottom-line focus group
192,Irina,Gerraty,igerraty5b@sun.com,gEyiBk8ARs,2000-07-28,Decentralized neutral adapter
193,Myrah,Ajean,majean5c@example.com,q6ZG6fiBs,2007-08-02,Decentralized coherent methodology
194,Tony,Gillingham,tgillingham5d@scientificamerican.com,4AZIXvI89CH,2021-08-02,Horizontal context-sensitive algorithm
195,Keefe,Besnard,kbesnard5e@ebay.com,dSw4TkDO7jhX,2002-05-21,Decentralized client-server challenge
196,Tabbie,Erbain,terbain5f@cnet.com,19jKJVVuym,2000-02-05,Up-sized homogeneous hierarchy
197,Addie,Godbolt,agodbolt5g@msn.com,wvVali8t,2012-03-05,Up-sized static project
198,Valentina,McCrackem,vmccrackem5h@webs.com,WDhBw0SL,1993-03-30,Synergized high-level toolset
199,Byrle,Possek,bpossek5i@netlog.com,kzSBKbTVgQP,2011-07-13,Programmable directional moderator
200,Wilden,Dell 'Orto,wdellorto5j@noaa.gov,ML022H715e9G,2003-08-27,Stand-alone intermediate interface
201,Kirbie,Wasselin,kwasselin5k@prweb.com,0grOo0qw5,2017-11-26,Progressive motivating attitude
202,Mae,Gerdts,mgerdts5l@elegantthemes.com,zqKGdrxA0B4m,2020-10-21,Automated well-modulated capacity
203,Raquela,Cocher,rcocher5m@nasa.gov,ft5HZwj17Cro,2022-03-18,Cross-platform encompassing challenge
204,Aprilette,Sommerling,asommerling5n@sakura.ne.jp,uy8cWGx05R,2001-07-13,Face to face hybrid open system
205,Mariann,Brunicke,mbrunicke5o@ocn.ne.jp,3H5NwkW4G,2020-05-12,Mandatory 3rd generation middleware
206,Mandie,Dyka,mdyka5p@hp.com,Uxg18ChCwmg,2022-05-03,Sharable tangible internet solution
207,Claudina,Jerams,cjerams5q@jiathis.com,tVKcn8r9,1998-11-29,Down-sized zero defect core
208,Maitilde,Froment,mfroment5r@yale.edu,YWFqhiTwMfTV,2010-07-24,Business-focused system-worthy forecast
209,Marianna,Gianolo,mgianolo5s@nsw.gov.au,ffnQzTy,1998-12-22,Cross-group methodical initiative
210,Trenna,Mountstephen,tmountstephen5t@bizjournals.com,AXFbGXeEKHT,1990-08-30,Cross-platform reciprocal success
211,Lenna,Beverage,lbeverage5u@oaic.gov.au,0KWWXUQ,2001-05-02,Distributed tertiary monitoring
212,Madelina,Lakeman,mlakeman5v@discuz.net,bOxFIOMZh,1995-02-06,Inverse optimizing circuit
213,Marge,Klaesson,mklaesson5w@uiuc.edu,BOQ73FWk,2017-08-29,Synergistic bifurcated strategy
214,Hiram,Simak,hsimak5x@admin.ch,rYbjv11Xi6,2021-09-09,Reverse-engineered demand-driven strategy
215,Terri,Stelfox,tstelfox5y@sciencedaily.com,tEkJe6,2016-12-09,Multi-layered bottom-line database
216,Kelbee,Nibley,knibley5z@baidu.com,54UfKy,1998-12-27,Balanced stable access
217,Tate,Hemeret,themeret60@altervista.org,dmfjgXrkV,2010-06-26,Realigned contextually-based architecture
218,Whitaker,Wilmington,wwilmington61@last.fm,2F40ZOL,1999-12-08,Public-key system-worthy utilisation
219,Rivy,Awty,rawty62@ask.com,D0SChc,2020-11-04,Digitized real-time secured line
220,Brenden,Cordeix,bcordeix63@answers.com,0oJ64Y4,1996-07-19,Team-oriented tangible contingency
221,Samuele,Gooble,sgooble64@feedburner.com,0Ce4Wk419ULv,1993-08-05,De-engineered attitude-oriented moratorium
222,Ali,Gunstone,agunstone65@cargocollective.com,J3sjLL6G,2017-12-31,Switchable impactful system engine
223,Ellery,Ellerman,eellerman66@columbia.edu,Xg4yXOTs,2005-04-26,Triple-buffered holistic policy
224,Rufus,Zoellner,rzoellner67@tinypic.com,QSB4V5uDb7P4,1991-12-02,Synergized tangible instruction set
225,Dallis,Nutbeem,dnutbeem68@freewebs.com,wrPtbGceMmca,2007-04-23,Decentralized intermediate system engine
226,Erda,Witcomb,ewitcomb69@ox.ac.uk,9Uxm13FgWBnq,1998-08-14,Networked uniform benchmark
227,Ramon,Piner,rpiner6a@gmpg.org,OnCvcyDTyx,2002-08-22,User-centric interactive solution
228,Ashbey,Rivaland,arivaland6b@blogtalkradio.com,W8xkgnQmyE8Q,2005-11-27,Automated tangible Graphic Interface
229,Brigg,Fellows,bfellows6c@huffingtonpost.com,JpYPKPj4HSh,2014-10-24,Innovative empowering forecast
230,Randene,Gravenall,rgravenall6d@archive.org,V8l089Bzjo,2016-10-29,Profound logistical installation
231,Rodd,Pennycord,rpennycord6e@fotki.com,tr9pZ7389,1991-09-30,Customer-focused client-driven database
232,Hildy,Towler,htowler6f@liveinternet.ru,ehGJz1gnB,2006-10-20,Visionary background functionalities
233,Hana,Inchcomb,hinchcomb6g@yahoo.co.jp,zylRWSPQ7MO,1991-09-09,Optimized directional approach
234,Reeba,McSorley,rmcsorley6h@narod.ru,yT72X7GYj6m,2017-04-16,Robust discrete internet solution
235,Worden,Scoone,wscoone6i@yolasite.com,et851k,2017-01-24,Networked well-modulated capability
236,Ema,Lunt,elunt6j@bloglovin.com,zBNgm88qT3,2019-07-24,Fully-configurable zero tolerance synergy
237,Alli,Mattiacci,amattiacci6k@oracle.com,AYJqEEfV9nJ,2003-09-13,Advanced asynchronous functionalities
238,Jase,Twamley,jtwamley6l@example.com,LnTyZd,2021-11-14,Diverse full-range protocol
239,Darren,Karus,dkarus6m@unc.edu,AKM9ydLKHYr,2009-05-09,Versatile content-based capacity
240,Errol,Curle,ecurle6n@printfriendly.com,tZ0S8TdcPlft,2005-06-12,Monitored leading edge portal
241,Piper,Sheers,psheers6o@mapy.cz,cFpulji5g,1993-11-29,Profound directional projection
242,Aloin,Hayselden,ahayselden6p@slideshare.net,XUrHXh8UUE,2022-02-13,Pre-emptive discrete support
243,Opaline,Nazaret,onazaret6q@domainmarket.com,fAxMT3b8Q,2005-11-13,Decentralized radical secured line
244,Nada,Whitsey,nwhitsey6r@va.gov,EwJ8CAzY,1998-07-26,Cross-group radical pricing structure
245,Hammad,Winnister,hwinnister6s@sciencedaily.com,d2VeBuDH,2005-08-15,Inverse multi-tasking internet solution
246,Louisette,Fussey,lfussey6t@nature.com,pJdTsM,2008-01-13,Fundamental disintermediate capability
247,Tulley,Wick,twick6u@phoca.cz,qg0xF0,2010-02-23,Innovative discrete middleware
248,Ingamar,Sheals,isheals6v@mozilla.com,qqDS0IpSZUu,2014-06-16,Reduced optimal website
249,Adrianne,Mitro,amitro6w@discovery.com,G4tK5M,2010-03-29,Programmable fault-tolerant migration
250,Rustie,Colville,rcolville6x@cnn.com,Jhbfn0,2003-12-21,Organic optimizing structure
251,Hewitt,McIlveen,hmcilveen6y@telegraph.co.uk,bpYIz8,2017-12-28,Managed scalable hardware
252,Gradeigh,McKew,gmckew6z@bigcartel.com,yCqWHf,1996-02-27,Synergistic bi-directional archive
253,Allie,Overthrow,aoverthrow70@yahoo.co.jp,BMLFjRAiUPl2,2008-01-02,Synergized radical synergy
254,Ernaline,Ormes,eormes71@ehow.com,7UuCNoL,2003-03-19,Devolved uniform help-desk
255,Gilberta,Chittleburgh,gchittleburgh72@geocities.com,zVNCp9nF,1993-01-15,Public-key 6th generation solution
256,Reinald,Sell,rsell73@github.com,chWTJGkhO,1994-07-17,Customer-focused optimizing solution
257,Corette,Sphinxe,csphinxe74@unc.edu,WUE4JCQ1Anm,1999-07-22,Quality-focused multi-state orchestration
258,Fraze,Cordier,fcordier75@spiegel.de,hO2znN,1999-01-11,Multi-layered bottom-line moderator
259,Jeromy,Bartelli,jbartelli76@telegraph.co.uk,rwqxDMSi1,1998-05-28,Persevering radical application
260,Andie,Haxell,ahaxell77@admin.ch,k3OLI7Gu3GY,2007-04-22,Exclusive bi-directional middleware
261,Giuseppe,Goodread,ggoodread78@google.com.hk,gRZcpXA,2020-11-06,Enterprise-wide homogeneous support
262,Junette,Brushfield,jbrushfield79@last.fm,ZxezYrO,1992-12-04,Virtual upward-trending groupware
263,Kessia,Vesque,kvesque7a@sciencedaily.com,UviZEpID,1999-10-05,Multi-channelled executive array
264,Veriee,Jurgensen,vjurgensen7b@nhs.uk,wRfMpV1u6,2011-12-17,Multi-channelled well-modulated pricing structure
265,Delly,Hoolaghan,dhoolaghan7c@list-manage.com,UWNbWETH6JmF,2021-02-15,Up-sized radical internet solution
266,Fee,Menlove,fmenlove7d@cnbc.com,vvT4B0mp6,1997-12-31,Devolved full-range core
267,Bondon,Hardi,bhardi7e@blog.com,p00DhIJyu,2004-09-25,Managed asymmetric support
268,Lars,Geane,lgeane7f@ning.com,XfmSAX,1997-12-13,Advanced homogeneous firmware
269,Sol,Vanni,svanni7g@upenn.edu,0Lnku2c,1993-08-20,Automated mission-critical project
270,Neda,Buckhurst,nbuckhurst7h@github.com,LwT9ehsM,2008-09-13,Distributed object-oriented hub
271,Fianna,Hindenburg,fhindenburg7i@bluehost.com,AJGy1d,1996-10-08,Reactive even-keeled benchmark
272,Peder,Eltringham,peltringham7j@zimbio.com,kGJeF1PLJ,2008-02-16,User-friendly fault-tolerant circuit
273,Jule,Innes,jinnes7k@csmonitor.com,MbrDkY,2016-11-14,Cross-group cohesive synergy
274,Joela,Boatman,jboatman7l@irs.gov,R5tw3aloD,2021-05-06,Open-architected zero defect paradigm
275,Aggy,McNirlan,amcnirlan7m@360.cn,pfTKPyV6IcPK,2018-09-27,Vision-oriented client-server installation
276,Gabi,Sheryn,gsheryn7n@macromedia.com,9iHEqRFEh,2005-08-10,Configurable local secured line
277,Cati,Kingham,ckingham7o@netvibes.com,umEgzCP5YeS,2016-09-10,Ergonomic global open system
278,Andrea,Breslauer,abreslauer7p@unesco.org,DgQy9y,2005-02-12,Mandatory high-level product
279,Matteo,Lamke,mlamke7q@networksolutions.com,BPbIfS,2018-07-08,Function-based 3rd generation projection
280,Barret,Brettell,bbrettell7r@nyu.edu,pM96kUy6,2012-04-09,Advanced high-level matrices
281,Arman,Bonds,abonds7s@state.tx.us,X0PsbTUBi,2000-02-18,Focused client-server service-desk
282,Thorin,Shiel,tshiel7t@wufoo.com,OKYICQ9G,1995-01-17,Networked responsive secured line
283,Granger,Sturges,gsturges7u@smh.com.au,W3hOiUFS2XKf,2021-10-24,Reactive secondary infrastructure
284,Clywd,De Lacey,cdelacey7v@e-recht24.de,BCLMj8rk,2004-11-29,Polarised uniform strategy
285,Andria,Tander,atander7w@gravatar.com,DAY1R5Ocow4w,2008-02-26,Front-line modular Graphical User Interface
286,Marline,Benardeau,mbenardeau7x@php.net,WLl0AhLuMEG,2020-04-02,Fundamental web-enabled architecture
287,Candice,Matashkin,cmatashkin7y@bing.com,P2bPUYVaquJ,1998-12-19,Public-key mission-critical archive
288,Denis,Leonard,dleonard7z@facebook.com,KsdShTFy3kgM,2005-02-26,Compatible upward-trending productivity
289,Adriena,Balazs,abalazs80@ning.com,7WgvxW0L3l,2017-10-05,Proactive impactful matrices
290,Madel,Defond,mdefond81@google.com.au,kp0v9Dye,2008-09-08,Operative static parallelism
291,Maddie,Showte,mshowte82@twitter.com,2U4V4wwWPt,2014-12-31,Organized dynamic emulation
292,Susette,Miche,smiche83@wordpress.org,rluH0o,2004-03-23,Operative national algorithm
293,Biron,Sottell,bsottell84@earthlink.net,1LxC9N,1997-05-09,Intuitive incremental solution
294,Land,Kinset,lkinset85@umich.edu,sTurAXMWj,2019-12-08,User-centric tertiary intranet
295,Tybie,Mars,tmars86@reddit.com,W5hIIMBjO6P,2011-10-02,Advanced multimedia matrices
296,Ursa,Dwelling,udwelling87@gizmodo.com,9SJWmtD,2009-02-15,Seamless homogeneous time-frame
297,Nell,Agirre,nagirre88@weibo.com,BqhXfsayYirF,2000-03-25,Diverse incremental framework
298,Marianne,Delacoste,mdelacoste89@macromedia.com,iaNcXyr,2005-09-29,Open-architected encompassing infrastructure
299,Ray,Orbell,rorbell8a@usatoday.com,VE64gzvt,1993-05-30,Advanced composite local area network
300,Anna-maria,Kearley,akearley8b@abc.net.au,iQWBVUnezYWd,2006-01-13,Multi-tiered logistical moderator
301,Heddi,Charpling,hcharpling8c@cmu.edu,J1Lb5lp49Gfl,2010-09-19,Down-sized attitude-oriented application
302,Alasteir,Moloney,amoloney8d@usnews.com,QuNyrEcFaK2,2020-01-03,Multi-layered full-range benchmark
303,Eartha,Arnould,earnould8e@canalblog.com,PFKisP3zy,1993-10-30,Optional modular structure
304,Nicholas,Baxendale,nbaxendale8f@cafepress.com,aC8Y62Sx1,1991-09-08,Ergonomic asynchronous algorithm
305,Rollins,Memmory,rmemmory8g@ycombinator.com,o4d3cvdksZ,1992-02-26,Synergized reciprocal website
306,Nonna,Wintle,nwintle8h@elegantthemes.com,df0ORNiAPm5J,2017-04-13,Multi-tiered discrete flexibility
307,Janos,Domoney,jdomoney8i@vimeo.com,kHkzWcx5BJ,1998-08-27,Up-sized reciprocal moderator
308,Obed,Andrei,oandrei8j@arizona.edu,59N0Lywvhuf,1995-12-14,User-friendly bottom-line synergy
309,Neddie,Durtnel,ndurtnel8k@usda.gov,Lf7kq7,2017-11-02,Triple-buffered static utilisation
310,Dorisa,Shane,dshane8l@huffingtonpost.com,q2KbZfXtVPfT,2012-10-17,Reactive high-level budgetary management
311,Sarine,Huckleby,shuckleby8m@hexun.com,alzXaS,2015-07-11,Pre-emptive impactful success
312,Harman,Buard,hbuard8n@sbwire.com,mvVpMC24dVT,2012-10-06,Intuitive explicit knowledge user
313,Sidnee,Isaaksohn,sisaaksohn8o@1und1.de,WJAJX7c6ph,1995-04-19,Digitized intangible product
314,Vivie,Melloi,vmelloi8p@answers.com,i0ZMMVQstn,1996-11-29,Synergistic mission-critical approach
315,Adrianne,Ladel,aladel8q@mediafire.com,tD3Xeye95Es,1998-04-21,Public-key clear-thinking productivity
316,Gordy,Lohoar,glohoar8r@fema.gov,Gr5GVbgJy,1995-12-21,De-engineered context-sensitive analyzer
317,Helen-elizabeth,Corris,hcorris8s@elegantthemes.com,I4JOp8hxTE,2001-06-19,Intuitive user-facing methodology
318,Sophie,Maurice,smaurice8t@nytimes.com,l8PfJSqdP,2012-01-30,Robust asymmetric instruction set
319,Sharlene,McElvogue,smcelvogue8u@slideshare.net,30i6Rjo,1992-05-31,Customer-focused background alliance
320,Ethelred,Feldmann,efeldmann8v@miitbeian.gov.cn,utFhN0wh,1999-03-13,Enhanced content-based functionalities
321,Tabina,Swynley,tswynley8w@lulu.com,WVD9b8vR,1991-10-03,Managed content-based project
322,Evelyn,Illyes,eillyes8x@barnesandnoble.com,gT9WhbuG9,2021-01-21,Digitized modular parallelism
323,Hy,Malby,hmalby8y@usda.gov,RgBsyq9q,2008-05-12,Progressive exuding focus group
324,Jorge,Smolan,jsmolan8z@wordpress.org,y01YJSqJaDsN,1990-07-29,Advanced contextually-based challenge
325,Yorke,Goney,ygoney90@dedecms.com,eQMjku,1994-12-23,Universal composite definition
326,Lorne,Jecock,ljecock91@cmu.edu,fNeXA6U,1999-02-27,Polarised zero tolerance system engine
327,Taber,Ygoe,tygoe92@netlog.com,lxHqQGpI1yY,1999-08-07,Future-proofed interactive project
328,Vivi,Loveday,vloveday93@opera.com,MpEl1bzWnk,2002-07-03,De-engineered neutral functionalities
329,Pamelina,Measham,pmeasham94@gravatar.com,eEmxO34TYH,1996-07-13,Synergistic regional local area network
330,Lura,Flye,lflye95@jalbum.net,hK07Ouabqtt,2005-08-08,Centralized multi-tasking moderator
331,Hollie,Brownsmith,hbrownsmith96@hao123.com,LzlC9us,2010-04-17,Advanced multi-state benchmark
332,Christophorus,Pelz,cpelz97@netlog.com,94rOLwWQQa,1990-08-01,Inverse tertiary customer loyalty
333,Carl,Guilloneau,cguilloneau98@ted.com,puXcliJu2ec,1991-02-05,Synergized tangible collaboration
334,Joseito,Tawse,jtawse99@state.gov,0gOlETi,2008-11-25,Ergonomic secondary productivity
335,Ware,Moulin,wmoulin9a@amazonaws.com,7n6Pm2Zc,2006-03-05,Team-oriented executive superstructure
336,Kiel,Sibborn,ksibborn9b@woothemes.com,3eJeO2,2012-06-24,Enterprise-wide 5th generation collaboration
337,Connor,Neligan,cneligan9c@technorati.com,M9qI5kOa4Br,2004-06-06,Switchable 5th generation adapter
338,Gregor,Godrich,ggodrich9d@tiny.cc,azHvug355,2006-02-28,Centralized dedicated functionalities
339,Wolfy,Silverton,wsilverton9e@intel.com,sxaUAFRAC5A7,2002-02-18,Operative fault-tolerant neural-net
340,Carny,Churly,cchurly9f@wufoo.com,VoMBionXIBJG,1990-06-04,Assimilated leading edge intranet
341,Lawry,Salzen,lsalzen9g@mail.ru,jg7o9SQYQPMU,1993-10-08,Profound discrete policy
342,Marion,MacCarlich,mmaccarlich9h@digg.com,1Fpi8aK9Kp,2014-10-31,Business-focused encompassing moratorium
343,Stearn,Shingles,sshingles9i@phpbb.com,yjRn0e,2005-08-18,Organized foreground framework
344,Mada,Rushworth,mrushworth9j@ucoz.com,Zl2Ld6FrSRq3,2007-04-01,Total 3rd generation access
345,Wes,Franzke,wfranzke9k@yellowpages.com,UddZuwlFr,1996-10-29,Self-enabling context-sensitive capability
346,Andrei,Mayne,amayne9l@icio.us,LbtwFYPeBpip,2011-05-04,Realigned 6th generation system engine
347,Karlee,Hymus,khymus9m@uol.com.br,78w1jqEX,2020-05-20,Fully-configurable clear-thinking model
348,Enrichetta,Guillet,eguillet9n@dropbox.com,4O3PItdJ,1996-01-13,Universal directional knowledge base
349,Obadias,Stother,ostother9o@usgs.gov,Kii0cSb,2019-08-05,Adaptive stable support
350,Rosalinda,Asplin,rasplin9p@elegantthemes.com,tkGPFJAN,1994-09-02,Optional impactful focus group
351,Rahel,McGinney,rmcginney9q@typepad.com,gyDMgZeqmSzL,2012-09-10,Automated national strategy
352,Regen,Kidde,rkidde9r@tripod.com,xH8laeI71d5,1993-01-20,Horizontal directional orchestration
353,Malchy,Grelka,mgrelka9s@amazon.co.jp,2WZpyMwvI,2010-07-15,Reverse-engineered impactful middleware
354,Kayne,Loughton,kloughton9t@cornell.edu,TsipVMrzi,2009-11-28,Upgradable fault-tolerant infrastructure
355,Konstantine,Donaghie,kdonaghie9u@reuters.com,pfcQ6QefBH,2009-08-12,Seamless multi-state artificial intelligence
356,Persis,Shier,pshier9v@youtube.com,GuruLY4,1999-07-22,Persistent holistic challenge
357,Ivett,Gelly,igelly9w@cdbaby.com,6ojc7g,2004-08-22,Digitized 24/7 customer loyalty
358,Geraldine,Gorton,ggorton9x@huffingtonpost.com,HuvTfhVqicQ,1995-01-08,Object-based object-oriented firmware
359,Marylynne,Duddridge,mduddridge9y@tamu.edu,mNtRPZg0l,2004-02-22,Multi-tiered system-worthy system engine
360,Allegra,Pryce,apryce9z@smh.com.au,WzRsiz,2003-01-14,Triple-buffered intangible migration
361,Karole,Stetson,kstetsona0@printfriendly.com,Y56FgDvr,2013-04-27,Visionary cohesive workforce
362,Ivy,Colleford,icolleforda1@europa.eu,ve4o8y7D,1997-11-03,Virtual cohesive task-force
363,Gavin,Wagon,gwagona2@wired.com,Wa7042L,2010-05-17,Triple-buffered client-driven help-desk
364,Rod,Dinley,rdinleya3@slate.com,IGwntY2E5XDf,2005-12-18,Optimized zero defect projection
365,Suki,Reeveley,sreeveleya4@blogger.com,4foY2kJSG,2016-06-30,Automated content-based architecture
366,Biddie,Filipputti,bfilipputtia5@free.fr,GBjPAB,2006-08-18,Cross-group directional definition
367,Crissie,MacTrustey,cmactrusteya6@a8.net,vnAqsM7Z,2005-05-17,Streamlined motivating knowledge user
368,Kellen,Toten,ktotena7@digg.com,J8kYfL1LjI,2007-06-06,Upgradable motivating open architecture
369,Phillipp,Wherton,pwhertona8@printfriendly.com,txvMmTzS,2014-08-16,Fully-configurable leading edge system engine
370,Clari,Ronnay,cronnaya9@timesonline.co.uk,ERQIs3,1997-06-05,Polarised web-enabled customer loyalty
371,Garreth,Taborre,gtaborreaa@github.io,y20xWuYfyC,2004-03-25,Multi-channelled value-added info-mediaries
372,Gill,Castagneri,gcastagneriab@ftc.gov,86pxWVg,2001-11-22,Horizontal static database
373,Dalton,Strickett,dstrickettac@bing.com,XpFuShbn1HCZ,2003-09-27,Open-source heuristic support
374,Annmarie,Rowling,arowlingad@163.com,PZMHvh5M26gZ,2014-11-03,Total background infrastructure
375,Renell,Van Giffen,rvangiffenae@liveinternet.ru,h9G7vpXSmrA1,2016-05-22,Progressive national software
376,Dwayne,O'Riordan,doriordanaf@uiuc.edu,jsjbgSQ6Sg,2014-07-15,Realigned bi-directional interface
377,Stella,Danieli,sdanieliag@blogspot.com,DVWq233R,2004-10-25,Multi-tiered contextually-based product
378,Lara,Popple,lpoppleah@bloglines.com,hucay634VA,2021-05-23,User-centric secondary process improvement
379,Skipp,Bontoft,sbontoftai@gov.uk,VY6pd3fL4B3J,2009-07-12,Reactive 4th generation orchestration
380,Jenn,Lavielle,jlavielleaj@phoca.cz,1PAQBGTS5iz,2012-02-05,Multi-tiered scalable customer loyalty
381,Kale,Winckles,kwincklesak@bing.com,f4qAKAWv,2012-01-20,Reactive national local area network
382,Elvera,Kirtley,ekirtleyal@pinterest.com,idODJrhlw,2012-12-23,Reactive web-enabled interface
383,Casi,MacGilfoyle,cmacgilfoyleam@marriott.com,KauwOPEAW,2013-01-28,Vision-oriented zero tolerance secured line
384,Sarette,Crat,scratan@utexas.edu,eUMjL3iAmaX,2013-09-18,Sharable directional intranet
385,Morgan,Passion,mpassionao@skype.com,5cKf18X,1997-02-14,Fully-configurable bandwidth-monitored capability
386,Debby,Ruggles,drugglesap@geocities.jp,1LefrTDnwZ5F,2005-07-17,Monitored grid-enabled benchmark
387,Elyse,Cregg,ecreggaq@fema.gov,UL7DIpepuakX,1991-05-27,Grass-roots tangible middleware
388,Melany,Chadwin,mchadwinar@msu.edu,pozgOi5dXSL,2021-06-02,Polarised transitional internet solution
389,Ali,Markwelley,amarkwelleyas@walmart.com,8JZnrA,2010-09-28,Pre-emptive optimal archive
390,Tonia,Robyns,trobynsat@apache.org,k1HMRYjYv,2021-06-04,Proactive client-driven hub
391,Ellyn,Philpin,ephilpinau@dailymail.co.uk,sjqCjj,2008-04-22,Diverse non-volatile functionalities
392,Theresa,Tonsley,ttonsleyav@exblog.jp,l7RjCjY,2014-06-03,Exclusive static project
393,Kimble,Durtnel,kdurtnelaw@tumblr.com,5cInFbXqa1o,1991-10-01,Distributed asynchronous open architecture
394,Gladi,Huzzey,ghuzzeyax@slate.com,yEGoVM5RX,1999-03-03,Automated needs-based internet solution
395,Averil,Hartnup,ahartnupay@clickbank.net,un6OuF36Oyh,1997-06-05,Upgradable foreground ability
396,Alleen,Mathew,amathewaz@sina.com.cn,bqI9WUk7onM,2019-10-13,Synergistic regional capability
397,Papagena,Ortega,portegab0@sciencedirect.com,RTzJ7zcU,2008-01-10,Managed grid-enabled solution
398,Egon,Foskett,efoskettb1@google.it,9afCscmvPPCI,1994-01-10,Networked needs-based knowledge base
399,Saleem,Danslow,sdanslowb2@irs.gov,DmxGErKLUWoJ,2002-11-08,Operative 3rd generation productivity
400,Amye,Duran,aduranb3@mit.edu,CTmMsK,2015-11-14,Open-source context-sensitive challenge
401,Kerrin,Phebee,kphebeeb4@elpais.com,Yij4zl,2008-05-07,Realigned homogeneous software
402,Roi,O'Kelly,rokellyb5@networksolutions.com,VJhp3Q,2020-03-04,Sharable bifurcated throughput
403,Janie,Cullip,jcullipb6@arizona.edu,objFMS,2019-09-25,Reactive secondary portal
404,Barnabas,Oldale,boldaleb7@blogger.com,Hh05NB4,1991-08-24,Progressive multimedia focus group
405,Winn,Thirlwell,wthirlwellb8@google.co.uk,PhNfSfIZxyMT,1994-11-18,Devolved needs-based benchmark
406,Emilia,McAllister,emcallisterb9@intel.com,uQCotY82r0,2022-03-05,Multi-channelled multi-state groupware
407,Dominica,Benning,dbenningba@wunderground.com,ks4PSyYbC97H,2015-06-18,Intuitive foreground forecast
408,Hogan,Insall,hinsallbb@phpbb.com,qYLVz3J,1998-06-23,Synchronised bifurcated array
409,Kellby,Parcells,kparcellsbc@europa.eu,saDz6q,2002-06-29,User-friendly didactic protocol
410,Lynsey,Fenelon,lfenelonbd@ihg.com,wO3owuiB0,1998-08-02,Customer-focused 6th generation installation
411,Trstram,Peachman,tpeachmanbe@mozilla.com,KWPCq3,2018-02-10,Front-line user-facing success
412,Corrianne,Dodimead,cdodimeadbf@amazon.co.uk,iSOeG5yZ3AI2,2015-05-20,Extended optimal solution
413,Lissie,Willard,lwillardbg@macromedia.com,CuukJPxw06MF,2005-11-24,Vision-oriented tertiary protocol
414,Crawford,Yurin,cyurinbh@reuters.com,WOPMLs,2008-01-11,Re-contextualized multi-tasking workforce
415,Bret,Geraudel,bgeraudelbi@oaic.gov.au,mv8WyE,1998-05-18,Customer-focused content-based policy
416,Carr,Grimmer,cgrimmerbj@a8.net,hMFvGKJCVlWI,2004-02-20,Profound secondary parallelism
417,Sondra,Doughill,sdoughillbk@cam.ac.uk,ePvcq8b,1993-04-02,Innovative human-resource paradigm
418,Dugald,Braun,dbraunbl@posterous.com,yEluWZ22ZZ9,1995-12-04,Exclusive high-level interface
419,Tobias,Gras,tgrasbm@edublogs.org,sMRPtCkq,2013-10-11,Streamlined analyzing hardware
420,Lucie,Meininger,lmeiningerbn@fastcompany.com,jg86yLrrOhM,2013-10-14,Expanded eco-centric forecast
421,Billye,Benoist,bbenoistbo@timesonline.co.uk,5q4WlKC,2016-08-15,Diverse exuding archive
422,Dre,Rose,drosebp@123-reg.co.uk,EoPamvkCW,1996-01-08,Digitized neutral toolset
423,Randene,Kitney,rkitneybq@oaic.gov.au,kOo5EGz9,2003-11-04,Operative non-volatile task-force
424,Leone,Pitkaithly,lpitkaithlybr@epa.gov,iMav29,2014-04-09,Realigned next generation installation
425,Faye,Starford,fstarfordbs@dell.com,Nq0hrsl7eWsQ,2014-06-11,Synergistic even-keeled website
426,Delmore,Bruff,dbruffbt@printfriendly.com,26V9m5W,2002-12-09,Synchronised needs-based time-frame
427,Madelin,Blazejewski,mblazejewskibu@admin.ch,BQZVTluYz,2017-10-24,Switchable heuristic orchestration
428,Boony,Samsworth,bsamsworthbv@imdb.com,Xh4pKFcE,2004-02-13,Open-architected global hierarchy
429,Sheppard,Goodnow,sgoodnowbw@youtube.com,NvIV1sAIgVDP,1991-11-27,Intuitive static task-force
430,Oberon,Springate,ospringatebx@ucsd.edu,9fxSMWSo,1991-04-02,Programmable 24/7 customer loyalty
431,Morten,Popping,mpoppingby@nasa.gov,RoUTHD,2015-06-19,Robust attitude-oriented monitoring
432,Keri,Blazey,kblazeybz@oaic.gov.au,Uc79hKehdN,2014-12-14,Devolved mission-critical alliance
433,Salome,Cowup,scowupc0@4shared.com,CE4qPX57wb,1995-08-14,Function-based directional algorithm
434,Trista,Preskett,tpreskettc1@seattletimes.com,TLY1R5Re,2012-11-28,Visionary 6th generation success
435,Delphinia,Nairns,dnairnsc2@technorati.com,X1iUWlx,1996-04-04,Fundamental multi-state structure
436,Roland,Pinson,rpinsonc3@furl.net,pBcjC9Hk,1999-12-23,Synchronised zero administration synergy
437,Lita,Winslet,lwinsletc4@mozilla.org,DzDfYJJ7,2005-04-16,Ameliorated context-sensitive functionalities
438,Jaynell,Collard,jcollardc5@fda.gov,G604C9sgBNt,2021-04-09,Proactive homogeneous encryption
439,Darius,Bendon,dbendonc6@icio.us,Css5aQ0M,1990-08-05,Persistent systemic collaboration
440,Alia,Fulbrook,afulbrookc7@ameblo.jp,wnzuJ2ajIM,2006-04-08,Up-sized interactive attitude
441,Karlis,Belchamp,kbelchampc8@ox.ac.uk,NNA61jRPoe,1999-04-02,Profound transitional emulation
442,Domenic,Couchman,dcouchmanc9@sina.com.cn,rAr8DF,2012-08-09,Robust 5th generation application
443,Kaleena,Botright,kbotrightca@princeton.edu,XV3d68Fcc,1994-09-26,Exclusive holistic methodology
444,Gilbertina,Soda,gsodacb@si.edu,JfkIPTTFJLr,2016-03-21,Devolved dedicated database
445,Roosevelt,Sprott,rsprottcc@macromedia.com,LDKkbnpO907B,2012-08-16,Enhanced disintermediate utilisation
446,Suellen,Firman,sfirmancd@rambler.ru,N3hMavcvBvY,2021-08-09,Business-focused holistic Graphical User Interface
447,Roberto,Lyttle,rlyttlece@drupal.org,WJxUkTU79,2002-04-10,Multi-tiered client-driven synergy
448,Sutherland,Antliff,santliffcf@wired.com,dRnUDWhKVvv,2002-02-20,Inverse exuding infrastructure
449,Shaw,Jellico,sjellicocg@theguardian.com,LMVdptL,1997-09-14,Triple-buffered value-added synergy
450,Delila,Ciardo,dciardoch@uol.com.br,J2c48D5rEP,2019-05-27,Upgradable hybrid encryption
451,Jeanne,Pablos,jpablosci@craigslist.org,I9W2wO,2015-01-07,Face to face well-modulated info-mediaries
452,Ingamar,Frenzel;,ifrenzelcj@istockphoto.com,eozK8X,2016-08-22,Face to face solution-oriented firmware
453,Jenelle,Wayland,jwaylandck@pbs.org,zgsL8I5WBLwk,2007-02-20,Proactive national framework
454,Palmer,Ryde,prydecl@freewebs.com,aCt1v8,1997-04-16,Future-proofed modular open system
455,Martyn,Tunnock,mtunnockcm@unicef.org,FwejouT4Sf,2012-10-25,Ergonomic responsive conglomeration
456,Jedidiah,Balthasar,jbalthasarcn@nifty.com,CYDCOHQqrR3s,1994-04-03,Enterprise-wide dedicated initiative
457,Adelaida,Curado,acuradoco@fastcompany.com,vpPzZrs,2000-08-06,Ergonomic transitional migration
458,Bryna,Haydney,bhaydneycp@hibu.com,jQE3XD7iUfeO,2010-09-22,Centralized intangible success
459,Colline,Tordoff,ctordoffcq@tripadvisor.com,ko8kbWdkv8u,2009-09-03,Front-line scalable hierarchy
460,Gabriell,Malthus,gmalthuscr@guardian.co.uk,SJLuAkaD,1995-04-26,Future-proofed multi-state interface
461,Rozelle,Bertram,rbertramcs@cpanel.net,n8NKxKk,2010-05-28,Synchronised methodical frame
462,De witt,Demare,ddemarect@wiley.com,fAuqT74MIgO,2015-06-26,Customizable content-based software
463,Vikki,Dayley,vdayleycu@house.gov,8eb9dhxW,1999-03-30,Organized modular contingency
464,Vasily,Carlucci,vcarluccicv@joomla.org,BZq5X9,2019-07-04,Realigned analyzing challenge
465,Donn,Rihosek,drihosekcw@dmoz.org,BsM6HFYrG,2014-01-15,Configurable explicit hub
466,Matelda,Nelligan,mnelligancx@shop-pro.jp,v7OyqY606va,1990-05-31,Self-enabling optimizing application
467,Anthony,Lygo,alygocy@hao123.com,DT3ogv7qQK1E,1994-02-28,Adaptive client-server interface
468,Aurlie,Rubberts,arubbertscz@infoseek.co.jp,LXQkKVnT6iv6,1994-05-20,Function-based static info-mediaries
469,Liza,Farryan,lfarryand0@about.me,ZWsL3VddIKeE,2016-10-07,Assimilated intermediate protocol
470,Nada,Tredgold,ntredgoldd1@mapquest.com,Cod61AhZWj,2021-07-12,Robust asynchronous utilisation
471,Ferdie,Furley,ffurleyd2@mediafire.com,N6ILx7,1993-01-30,Cloned directional middleware
472,Tedie,Fratczak,tfratczakd3@state.tx.us,2opsMZrt,2020-11-17,Cross-platform explicit neural-net
473,Ginger,Kiezler,gkiezlerd4@tmall.com,94sVaQcgbK,1994-06-30,Switchable human-resource matrices
474,Charmaine,De Brett,cdebrettd5@gmpg.org,UpgiPsFg,1993-03-22,Managed optimal collaboration
475,Wenona,Southon,wsouthond6@icq.com,qcvpvVDAz,1994-01-21,Versatile 4th generation moratorium
476,Quinlan,Rapps,qrappsd7@soup.io,6nxCIJznOF,2011-07-24,Self-enabling homogeneous process improvement
477,Silvan,Hargate,shargated8@rambler.ru,fyFcNFBw,2018-03-12,Enterprise-wide 5th generation matrices
478,Alissa,Mattheis,amattheisd9@utexas.edu,9UJ3326F9,2002-05-09,Devolved bifurcated functionalities
479,Elnore,Woolveridge,ewoolveridgeda@mozilla.com,NVI9i8WaAg,1998-01-17,Focused explicit monitoring
480,Ilise,Cords,icordsdb@businessinsider.com,dFOtEDt,2001-05-11,Configurable demand-driven middleware
481,Ronny,Ruse,rrusedc@cdc.gov,vSOBCqv7lDPd,2011-01-23,Monitored solution-oriented collaboration
482,Park,MacPhaden,pmacphadendd@businessinsider.com,hTgcSr16KzOV,1999-12-25,User-friendly multi-state forecast
483,Luella,Edgeon,ledgeonde@i2i.jp,MepIcbCiF,2021-04-25,Adaptive full-range interface
484,Petey,Oades,poadesdf@blogger.com,LyTZY2R0,1994-06-11,Business-focused systematic emulation
485,Eugene,Petracco,epetraccodg@google.de,emCxfaB,2003-06-21,Persistent disintermediate hub
486,Terri,Madison,tmadisondh@1688.com,7brNTTJKyt,2007-09-27,Devolved value-added model
487,Vito,Brusin,vbrusindi@taobao.com,1rqShj,1993-09-01,Organic multi-tasking frame
488,Jedediah,McAlarney,jmcalarneydj@time.com,kEspAy,2017-09-27,Mandatory fresh-thinking access
489,Lucita,Drust,ldrustdk@shinystat.com,ai6ePJ3O8dZM,2007-05-17,Multi-channelled bifurcated Graphical User Interface
490,Anallise,Couroy,acouroydl@wikispaces.com,On6e9eXtlez,1996-10-15,Integrated explicit infrastructure
491,Darrell,Wooldridge,dwooldridgedm@usatoday.com,U0D1J0Os,2004-04-01,Synergistic logistical service-desk
492,Kareem,Stoggell,kstoggelldn@imageshack.us,rZwUmMTsDX,1991-01-13,Open-source well-modulated project
493,Roman,McGarel,rmcgareldo@about.me,0Zagt1Do,2010-06-07,Profit-focused value-added info-mediaries
494,Bell,Renault,brenaultdp@themeforest.net,cYmnjAgUuI,2021-11-23,Persevering multimedia encryption
495,Orran,Dehm,odehmdq@devhub.com,xEKjMO6CY,1998-06-17,Up-sized explicit moderator
496,Rufe,MacDonough,rmacdonoughdr@cpanel.net,AJKWYddrw,1998-10-31,Team-oriented methodical core
497,Rhea,De Domenicis,rdedomenicisds@reference.com,0zNRcFuoxm1,2002-01-24,Ergonomic upward-trending encryption
498,Sim,Winter,swinterdt@cnbc.com,cE2G9m,2008-08-04,Balanced stable application
499,Carce,Starsmore,cstarsmoredu@pagesperso-orange.fr,IzTBVdKJ8GWB,2008-02-02,Optimized national concept
500,Alli,Greeveson,agreevesondv@patch.com,lihM0Ythg,2020-10-18,Fundamental stable intranet
501,Vivie,Deas,vdeasdw@tinypic.com,tfeHxfxdQ3,1995-05-01,Self-enabling mission-critical groupware
502,Doralynne,Buske,dbuskedx@fema.gov,dzG3Ls,2019-03-16,User-friendly regional frame
503,Cazzie,Forlonge,cforlongedy@google.ru,9P3tLbX,1996-04-07,Multi-layered even-keeled standardization
504,Krispin,Fibben,kfibbendz@nasa.gov,0i5UECqDkxp,2007-02-27,Vision-oriented multi-state initiative
505,Shaun,Barlass,sbarlasse0@unc.edu,T1EoDSJQSe6,2017-04-30,Ameliorated homogeneous application
506,Weston,Brabyn,wbrabyne1@a8.net,FEi2mUf,2005-12-12,Ameliorated reciprocal adapter
507,Jasper,Ellse,jellsee2@answers.com,ioFCKvLmyAFr,2011-07-06,Ameliorated explicit frame
508,Odo,Rother,orothere3@infoseek.co.jp,tfZVPqI,1997-11-11,Public-key multi-tasking local area network
509,Thaxter,Moxted,tmoxtede4@unc.edu,7xTfCUEr,1992-07-18,Networked 4th generation flexibility
510,Derby,Whittle,dwhittlee5@yellowbook.com,FnOW0yQn7T9,2017-12-01,User-centric hybrid neural-net
511,Sayre,Rosenfelder,srosenfeldere6@indiegogo.com,TXqayRzsOg1,2021-08-01,Diverse 24 hour frame
512,Mariele,Northern,mnortherne7@statcounter.com,06o8xMuk,1990-09-20,Reactive background focus group
513,Jenifer,Stubbert,jstubberte8@comsenz.com,eDwNXueDH,2008-10-28,Phased disintermediate core
514,Corly,Kislingbury,ckislingburye9@marketwatch.com,KxUFrea10,2017-11-23,Stand-alone multi-tasking definition
515,Marlyn,Dibling,mdiblingea@meetup.com,8OfWFhAde,2017-06-12,Enterprise-wide demand-driven productivity
516,Lacey,Gorham,lgorhameb@qq.com,0ZWjMAeXJeaG,2003-06-02,Optional leading edge moratorium
517,Hillyer,Feirn,hfeirnec@cafepress.com,yIcrAmiV6P,2010-04-24,Extended motivating collaboration
518,Timotheus,Tulloch,ttulloched@baidu.com,vkGYwWyhx,2016-12-14,Compatible tertiary data-warehouse
519,Mabelle,Hanshaw,mhanshawee@techcrunch.com,sP7NheobrxP1,2005-10-17,Adaptive context-sensitive workforce
520,Kirbee,Elnaugh,kelnaughef@4shared.com,F4jZMf6YQb,1992-02-18,Grass-roots 24 hour alliance
521,Nicolas,Beggs,nbeggseg@home.pl,LxiHWYq8TZ,2007-07-02,User-centric context-sensitive pricing structure
522,Vikki,Lowre,vlowreeh@fc2.com,Qo0tsepQjd,1997-06-30,Devolved empowering capability
523,Ramonda,Luxford,rluxfordei@state.gov,otaqA9U,2016-03-01,Monitored multi-tasking complexity
524,Sterling,Lyman,slymanej@yahoo.co.jp,NcUBTGZ,2018-10-27,Grass-roots 6th generation flexibility
525,Verla,Larcier,vlarcierek@nydailynews.com,cTAD6X,1992-03-05,Progressive solution-oriented framework
526,Leonora,Osbourn,losbournel@miitbeian.gov.cn,kAsaJCJ,1994-12-17,Robust secondary moderator
527,Timofei,Gonnel,tgonnelem@hugedomains.com,0eLy2uO2aqM,2019-01-25,Organized background application
528,Brett,Pittet,bpitteten@bluehost.com,8iWlSuib,1994-09-15,Visionary background product
529,Alexander,Jacketts,ajackettseo@typepad.com,5YNrJZ8yP2V,2021-05-29,Profound fault-tolerant neural-net
530,Ruby,McSpirron,rmcspirronep@indiegogo.com,uiRzK6WzAEL,2000-12-07,Expanded executive parallelism
531,Hildagarde,Hogbourne,hhogbourneeq@newsvine.com,fbpdxFS,2017-06-11,Reverse-engineered optimal orchestration
532,Briney,Jackways,bjackwayser@fda.gov,KIAkA5M,2012-09-24,Adaptive stable projection
533,Lisha,Prover,lproveres@dailymotion.com,u4F5xzT,1992-02-28,Innovative responsive toolset
534,Loralie,Courteney,lcourteneyet@independent.co.uk,tTEvjmJpi,2011-03-05,Organic transitional ability
535,Morse,Oates,moateseu@whitehouse.gov,rzvAtIZc,2003-11-21,Focused didactic extranet
536,Patin,McIleen,pmcileenev@elegantthemes.com,UbNlDFJrZ,2008-05-17,Optional secondary benchmark
537,Terrel,Tonry,ttonryew@github.io,o8odX9J2q,1997-02-07,Optimized 3rd generation protocol
538,Chandal,Lumsdon,clumsdonex@weebly.com,5jAffwI,2016-05-10,Expanded mobile encoding
539,Oren,Gostridge,ogostridgeey@cisco.com,P4yoA9ZXOcp,2010-05-12,Re-contextualized regional ability
540,Melosa,Paish,mpaishez@miitbeian.gov.cn,S2uaAEQ1O0Av,2019-04-15,Automated heuristic artificial intelligence
541,Jacklyn,Risbrough,jrisbroughf0@imageshack.us,rMNPFNl89K,1992-12-28,Quality-focused 24/7 success
542,Pavel,Signoret,psignoretf1@intel.com,NZ7bLPN,2011-02-26,Integrated client-server workforce
543,Morris,Donaghie,mdonaghief2@uol.com.br,Lkr3oK52,2007-12-10,Fully-configurable optimizing extranet
544,Maudie,Rains,mrainsf3@4shared.com,g6VrJ11,1995-04-22,Down-sized system-worthy groupware
545,Lauralee,Byfield,lbyfieldf4@prweb.com,O8FnjFKh,1994-02-12,Distributed zero tolerance matrices
546,Betteanne,Cordrey,bcordreyf5@cnn.com,R0KNFRdL1,2001-02-09,Streamlined uniform contingency
547,Allison,De Cristoforo,adecristoforof6@hexun.com,xLR7hdD,2020-04-01,Down-sized clear-thinking orchestration
548,Thorndike,Durban,tdurbanf7@reverbnation.com,YQuIXY,2016-09-07,Seamless zero tolerance open system
549,Reggie,Bausmann,rbausmannf8@taobao.com,iOPMo2OUl,2011-04-07,Down-sized real-time info-mediaries
550,Abbe,Instock,ainstockf9@patch.com,fR9p1LHt,2015-10-28,Streamlined reciprocal installation
551,Lovell,Pennick,lpennickfa@yahoo.co.jp,pvjRwG4CvEX,2021-05-18,Profound encompassing firmware
552,Rebecca,Vankov,rvankovfb@blogtalkradio.com,JwUZSj,2006-09-19,Cloned cohesive neural-net
553,Berthe,Lomb,blombfc@alibaba.com,MALKCt,1996-12-12,User-friendly holistic moderator
554,Kaleena,Hatwells,khatwellsfd@si.edu,Kb4azKv,1993-01-05,Exclusive upward-trending Graphical User Interface
555,Bobbee,Fairnington,bfairningtonfe@epa.gov,0l5eyEhO,2009-12-11,Re-contextualized modular middleware
556,Humbert,Andres,handresff@over-blog.com,c7RWigJ,2000-02-21,Organized 24/7 hub
557,Adrienne,Wessel,awesselfg@ed.gov,qfl9fx1Q,2001-04-08,Horizontal bifurcated parallelism
558,Ryann,Rother,rrotherfh@cocolog-nifty.com,InjVS0hGZk,1993-11-21,Fundamental motivating parallelism
559,Steward,Maddinon,smaddinonfi@devhub.com,vxSg1GSTSuC2,1991-07-20,Proactive radical application
560,Jannelle,Hegley,jhegleyfj@blogger.com,KzH52voEbxic,2001-08-04,Cross-group impactful instruction set
561,Aurore,Mechi,amechifk@comcast.net,Ab7Km0jM,1990-10-23,Vision-oriented logistical firmware
562,Vasily,Turtle,vturtlefl@imageshack.us,9PFx6p2Sdq,2013-12-18,Innovative fresh-thinking pricing structure
563,Brittani,Kamienski,bkamienskifm@fastcompany.com,PR3UwbYf,2017-10-27,Monitored non-volatile archive
564,Emelita,Simison,esimisonfn@cyberchimps.com,jCcLZI,2008-02-20,Adaptive local focus group
565,Isacco,Neylan,ineylanfo@cbslocal.com,OWCoHULdA,2000-02-28,Ameliorated content-based productivity
566,Melanie,Hawkes,mhawkesfp@epa.gov,KFD6xE,1991-12-26,Secured didactic project
567,Boonie,Kinavan,bkinavanfq@google.it,D7cnYlyfvKb,1993-07-24,Face to face bifurcated hardware
568,Rolfe,Presland,rpreslandfr@ustream.tv,0CbqPw,2021-05-26,Object-based tangible structure
569,Merry,Heineke,mheinekefs@so-net.ne.jp,XqfGOBtYUZhj,2018-04-17,User-centric national secured line
570,Tobias,Marquess,tmarquessft@hud.gov,lQOmph7NJ,1994-08-15,Organic dedicated standardization
571,Joli,Pickworth,jpickworthfu@disqus.com,iEA4Y9BggSv,1990-12-01,Intuitive motivating methodology
572,Bria,Orneles,bornelesfv@netlog.com,eqJbc43,1992-04-23,Innovative interactive structure
573,Shayne,Goadby,sgoadbyfw@fema.gov,UZVUuYFtClW,2004-12-12,Reverse-engineered logistical website
574,Maire,Robbs,mrobbsfx@webeden.co.uk,Y9ttVF4LbE,2022-05-25,User-friendly explicit internet solution
575,Laurianne,Dobbin,ldobbinfy@forbes.com,Gj9KpLDDXywg,1998-04-24,Centralized dynamic contingency
576,Eddy,Swanton,eswantonfz@blog.com,SkcWn0,1992-09-22,Stand-alone next generation customer loyalty
577,Sarita,Rustadge,srustadgeg0@spotify.com,k3Bi9aaHdEF,2017-05-13,Versatile 6th generation superstructure
578,Bettine,Yegoshin,byegoshing1@sogou.com,j3GXJiLkWcn,2003-06-15,Re-engineered national pricing structure
579,Emmalee,Durran,edurrang2@pen.io,kxYfLYwDT,2002-08-19,Organic maximized model
580,Deina,Sims,dsimsg3@howstuffworks.com,vy9It4qFE,1999-02-23,Monitored responsive moratorium
581,Hy,Tesoe,htesoeg4@reddit.com,UaE3jep,2002-10-05,Advanced coherent time-frame
582,Matias,Rowdell,mrowdellg5@fema.gov,ODriT0PSTo,2006-07-31,Object-based 6th generation moderator
583,Marys,Puddicombe,mpuddicombeg6@canalblog.com,8XHePr,2005-11-14,Cross-platform dynamic matrix
584,Kalinda,O'Cullinane,kocullinaneg7@instagram.com,DmpAZv,2019-04-07,Public-key value-added migration
585,Glen,Gabotti,ggabottig8@stumbleupon.com,TgIUaarR3,2015-06-09,Face to face tertiary instruction set
586,Efren,Medina,emedinag9@discuz.net,iT3Riy8Bas,1999-09-26,Down-sized even-keeled implementation
587,Courtnay,Edgar,cedgarga@printfriendly.com,CUGiyo8en2,1996-01-19,Open-architected foreground moratorium
588,Alyosha,Callicott,acallicottgb@about.me,KqKgrd9,2001-12-11,Expanded fault-tolerant customer loyalty
589,Obadiah,Ruddock,oruddockgc@wordpress.com,oSjqIJNGj,1993-03-05,Total responsive hub
590,Rik,Cowton,rcowtongd@webs.com,tI97Gmj,2004-12-28,Open-source even-keeled neural-net
591,Arleen,Velten,aveltenge@weebly.com,VU4kgUr2,1999-04-09,Cross-group reciprocal infrastructure
592,Gertrud,Josskoviz,gjosskovizgf@soup.io,mVr22MR,2020-12-14,Total exuding utilisation
593,Lori,Bryde,lbrydegg@tripod.com,Aw9DLM,2000-04-24,Pre-emptive asymmetric success
594,Percival,Penright,ppenrightgh@dmoz.org,qFtGQm31MW0,2002-11-26,Advanced solution-oriented orchestration
595,Clevey,McIlrath,cmcilrathgi@tumblr.com,5VsqUTaDVZ6A,2011-04-19,Secured local methodology
596,Arabelle,Firbanks,afirbanksgj@newyorker.com,AdEjalTLyf,2009-09-07,Mandatory regional middleware
597,Teodora,Fyfe,tfyfegk@google.de,UGyGCy,1990-12-22,Open-source secondary policy
598,Nalani,Bachman,nbachmangl@mail.ru,bpVkDsUTbEEt,2014-08-01,Realigned bi-directional migration
599,Stacee,Meeke,smeekegm@sina.com.cn,RsnpgjvQuc9E,1991-03-13,User-friendly methodical emulation
600,Martino,Saggs,msaggsgn@qq.com,OPoCRj,2016-03-30,Multi-channelled full-range data-warehouse
601,Reggy,Fedynski,rfedynskigo@telegraph.co.uk,V7k1SDGbntjz,2009-04-16,Down-sized empowering methodology
602,Angela,Greswell,agreswellgp@t-online.de,qyiDJ5Va1a,2010-12-22,Ergonomic hybrid archive
603,Dominick,Cavil,dcavilgq@instagram.com,vBtGHwpcUKf,2013-10-03,Down-sized fault-tolerant core
604,Hurley,Bigglestone,hbigglestonegr@netvibes.com,TfsO8EcyT,1997-08-03,Organized full-range time-frame
605,Karola,Mycock,kmycockgs@bandcamp.com,0qe13pOqWvE7,1996-02-09,Managed bi-directional encryption
606,Tome,Guido,tguidogt@google.es,VlomWM,1998-09-28,Re-contextualized scalable open system
607,Haley,Gowers,hgowersgu@themeforest.net,IJWfiP,2008-11-04,Future-proofed analyzing paradigm
608,Guthry,Caroll,gcarollgv@blog.com,6Ay6FRFTx,2011-10-05,Focused 4th generation pricing structure
609,Emylee,Halfhyde,ehalfhydegw@de.vu,TKdD6U,2013-06-08,Visionary tangible budgetary management
610,Fonzie,Myott,fmyottgx@wired.com,2Zg6PX,2017-07-12,Polarised grid-enabled algorithm