1,Raffaello,rcalderon0,rstatefield0@europa.eu,6jYIjwTe,2021-09-11,rbyway0
2,Regan,rbausor1,rguynemer1@typepad.com,SO1flqygF,2021-09-21,rcolaton1
3,Fifi,fsteenson2,fsnazel2@ezinearticles.com,Dh2bHxJWObvf,2021-11-27,fbadder2
4,Geoffrey,gantwis3,gmoy3@hubpages.com,y09uoV6J,2021-06-26,gtimmons3
5,Wood,wbartolomucci4,wrissen4@meetup.com,rYnq6Kj,2022-05-03,wchugg4
6,Moses,mdonisthorpe5,mkeoghane5@meetup.com,at11bPZ391U,2022-03-25,mroswarne5
7,Wilie,wheal6,wtomczykiewicz6@multiply.com,ZFlEAk6GR,2021-07-09,wemlin6
8,Haskel,hborleace7,hgreeve7@census.gov,E3mUeSj8,2021-12-31,hmaybury7
9,Veronike,vsyms8,vwabersich8@woothemes.com,cB8BJYhqAh,2021-07-24,vskitterel8
10,Babbie,bschurig9,bfaulo9@bigcartel.com,bq8nYfrsoAz,2021-08-27,bferro9
11,Karine,ktapea,kmarcua@jiathis.com,fTNjexeA4,2022-05-13,kclaypoola
12,Haslett,hclaessensb,hyanshinovb@ucla.edu,8M8nOCm6W,2021-07-16,hvibertb
13,Corny,cgouldstonec,csloweyc@washingtonpost.com,UdmgYKUEx44u,2021-12-23,cmosesc
14,Andria,amasdind,aoscroftd@miibeian.gov.cn,tjWa2B,2022-02-20,aharcarsed
15,Blakeley,bstoadee,bswadlingee@earthlink.net,5tTSKFJR8,2021-08-01,bdelacotee
16,Ynez,ygillespief,ymarlonf@nifty.com,oO5JYHC,2021-09-25,yplumf
17,Edy,epingg,eflethamg@vimeo.com,nUOPakN,2021-07-27,ecosbeeg
18,Constance,cchelamh,cshovelinh@uiuc.edu,209BhTx7,2021-08-24,cbottrillh
19,Nicko,nbuncei,nlagrangei@sina.com.cn,v3i8Mf,2022-02-11,nlotheani
20,Sheree,stitcumbj,sburkertj@google.pl,GZP00S7,2021-07-25,sbispoj
21,Andrew,amicheauk,asleneyk@house.gov,ceoCrZBt,2021-06-28,aplailk
22,Ramsay,rlengletl,rcoarserl@merriam-webster.com,ArDsS7b,2022-02-21,rsherlawl
23,Cory,cfernandesm,cknibleym@flavors.me,V7Hmema8gQK,2022-03-25,cdibiagiom
24,Nichole,njurriesn,nrudgardn@illinois.edu,kQtJKSgnAqn,2021-10-05,nkingtonn
25,Hollyanne,hhavardo,hmaylino@cpanel.net,dqI8iHY4,2021-10-06,hemmso
26,Merle,mmegarryp,mflorip@jalbum.net,WlmzeYDp,2022-03-06,minnesp
27,Filbert,ftweedyq,ftimpanyq@wsj.com,lTILy4C2YC,2021-06-24,fbielfeltq
28,Arlyn,alegallr,akingr@howstuffworks.com,Kvurdu,2022-05-03,abackshallr
29,Aldus,aryhorovichs,alashbrooks@so-net.ne.jp,lxfDla4qAZ,2021-08-28,afeenys
30,Elise,epencott,emewburnt@friendfeed.com,ru0YpHlsuVc,2021-06-02,efifet
31,Starlin,sgoldsacku,sfingletonu@ed.gov,9ZF6ACfA,2021-07-23,skopfu
32,Kassie,khumanv,kdubblev@homestead.com,OSu2PLsUFfp,2021-06-23,keagleshamv
33,Gwendolin,glaybornw,gabbetsw@oaic.gov.au,TLl4nwY,2022-01-20,gelbournw
34,Sargent,sguislerx,sbrandolinix@cnn.com,yRfzFpRrAJ,2021-07-28,ssparshattx
35,Lizzy,lfeldbergy,lliddicoaty@aol.com,bVz9giM4,2021-08-03,lsirketty
36,Stearn,sibbesonz,slittrikz@hatena.ne.jp,O9R1Sf,2022-03-28,sdudillz
37,Brigitte,blabell10,bsaltman10@aboutads.info,gn7IPAx,2022-01-13,bnockles10
38,Byrom,brawstorn11,bwort11@dailymail.co.uk,CEsYUnlU,2022-03-20,bhinze11
39,Lexi,lelvidge12,lpepperell12@live.com,qoa9Wv,2022-04-18,lsinney12
40,Bianca,blevitt13,bgilgryst13@storify.com,491jPwmSJcRr,2022-01-31,balvares13
41,Elka,epoacher14,ekilgrew14@mapy.cz,rcaSA0xgAt,2021-10-12,esmoth14
42,Calida,chearse15,cmea15@jiathis.com,xZ4w0t6,2022-03-09,cdearsley15
43,Gaylene,gburgot16,gteape16@dailymotion.com,Tbeyil,2021-12-09,ggiacubbo16
44,Gerrilee,gheaven17,gbendixen17@weebly.com,asfu4etoXqz,2021-12-28,giacovaccio17
45,Susanna,sgontier18,skeddey18@usgs.gov,wmufFA0,2021-11-28,sblemings18
46,Jason,jertelt19,jmeys19@wufoo.com,wDcauHSJNNi,2021-08-11,jjozwiak19
47,Steven,sbirkenshaw1a,sryhorovich1a@instagram.com,KuPfSTW3GQ61,2021-08-06,smoorrud1a
48,Berkie,bperin1b,breader1b@qq.com,44Jdz0eokl3b,2021-06-03,bheinrici1b
49,Kordula,kwalkling1c,kmichael1c@hp.com,0wyxzY,2021-11-02,kreader1c
50,Samson,smenat1d,smunkton1d@facebook.com,WuLCmER,2021-12-01,shaeslier1d
51,Sigismund,sgaskal1e,spetigrew1e@usgs.gov,CtyryF19Uql,2021-07-24,sdury1e
52,Ginni,gconnal1f,gjudge1f@zimbio.com,ZTGf61l9cpL,2021-09-01,grustedge1f
53,Tyne,tmaddocks1g,tdallon1g@miibeian.gov.cn,DaXOqL,2021-09-06,twhitter1g
54,Harlin,hgreenhalf1h,hrime1h@omniture.com,rrdn6el,2021-10-16,hantoshin1h
55,Mignonne,mpinwell1i,mshorey1i@baidu.com,uPQginBHny,2021-10-20,mverna1i
56,Verena,vchetwin1j,vwhipp1j@cafepress.com,2KaOijNw3,2022-03-14,vplampin1j
57,Trueman,tstourton1k,tfortnon1k@bluehost.com,GgzSZdbC3,2022-04-09,tmayhead1k
58,Aryn,abargery1l,amoulds1l@oaic.gov.au,kHptzAoGjk,2021-12-11,adanovich1l
59,Jackson,jgiocannoni1m,jpeacocke1m@free.fr,G3HuguMHfBH,2021-11-28,jbarg1m
60,Mair,mcockney1n,mrowden1n@telegraph.co.uk,KUnecWieaBD,2021-12-17,mrooke1n
61,Dusty,dborges1o,driba1o@istockphoto.com,VXU45J,2021-08-01,dlauret1o
62,Patrizia,pdunford1p,pdowty1p@purevolume.com,MSo5SugaRF,2022-02-24,pruben1p
63,Maynard,mwhilder1q,mgoligly1q@t.co,WH9ltvcaNO,2021-10-28,minskipp1q
64,Cyndia,cstrangward1r,ccorey1r@accuweather.com,vnZ2qu,2021-09-20,ccasajuana1r
65,Elisabet,ebullon1s,egeal1s@cisco.com,GZTdCmjbJ2,2021-06-20,ebernt1s
66,Sonnie,schamley1t,sramble1t@house.gov,tRjzzy2,2022-04-14,ssloy1t
67,Barnabas,bmcenery1u,bends1u@sogou.com,Htv1YnqbW,2022-02-13,bsommerling1u
68,Morton,mderington1v,mhuskinson1v@nationalgeographic.com,RtstdizhJgeC,2022-04-17,miacovazzi1v
69,Dorthea,ddmiterko1w,djarvie1w@bloomberg.com,JxVUry3,2021-09-06,dgoodrum1w
70,Nichole,npeltz1x,ncrisell1x@google.de,zvdlRllw,2022-01-15,ndaldan1x
71,Gavra,ghanson1y,gtabart1y@shinystat.com,Np67CEHaE,2022-03-13,gtizzard1y
72,Ainsley,agannan1z,acuddihy1z@illinois.edu,13DVpVxd,2021-09-28,atakos1z
73,Cristen,cbernard20,crobers20@acquirethisname.com,UJuwTBGGp,2022-01-23,cdoy20
74,Cherry,croderick21,ccasari21@blogspot.com,alAHZgEc,2022-01-22,corgen21
75,Kelsey,kdosdill22,kblodgetts22@g.co,cX9T2Ruo1NA,2022-01-18,kclawley22
76,Anni,akristiansen23,anorheny23@princeton.edu,RNCTQ8,2022-04-27,abonallick23
77,Maria,mdomokos24,mdavern24@comcast.net,g4jf5T2np,2021-09-04,mprayer24
78,Andrea,aziemen25,atingly25@stumbleupon.com,PANZe7KSba,2021-11-25,aglavin25
79,Hunfredo,hwayne26,hspracklin26@netscape.com,qadlWmwamUg,2021-09-06,helph26
80,Zared,zgornal27,zaspole27@jimdo.com,rdeVZb,2021-06-02,zfilliskirk27
81,Somerset,smcgowran28,sbunce28@aol.com,sbR7zeeiqQif,2022-02-12,sbofield28
82,Yoko,yferber29,ygapp29@cyberchimps.com,SvZZ3kpmUhH,2021-09-03,yloadman29
83,Mab,mlavarack2a,mrobrose2a@over-blog.com,2tvVZdfonrY,2022-03-04,mcarletti2a
84,Katharina,ksaxon2b,ksimeon2b@aol.com,7tE8j6v6PAsd,2022-02-16,kwhines2b
85,Johnath,jheinig2c,jrouzet2c@merriam-webster.com,PYkXZycwmAST,2022-05-04,jfudge2c
86,Constanta,cswigg2d,clangdridge2d@google.ru,ydW3JWgWyXe,2022-02-04,cdonaldson2d
87,Marris,maronov2e,mlyfield2e@slideshare.net,lMJyD3nEZnOe,2021-11-03,mrainsbury2e
88,Berkie,bmcgeown2f,blidgertwood2f@economist.com,O0Xl6G4cn1D,2021-12-01,byallop2f
89,Heloise,hhemphrey2g,halekhov2g@google.ru,PeocvFT1hrfa,2021-11-01,hcranny2g
90,Angela,ahanny2h,aemmatt2h@netscape.com,sQNic3tp,2021-08-10,adank2h
91,Ira,ijizhaki2i,imorratt2i@prnewswire.com,TW3VZpqCuUDT,2021-07-17,iwayte2i
92,Yvette,ybrevitt2j,ysmalles2j@dedecms.com,GBd11S536qX,2021-07-20,yconroy2j
93,Melitta,mspitaro2k,meads2k@wufoo.com,XjrwU8FM0xw2,2021-06-15,mmotherwell2k
94,Fifi,fbrasher2l,fturley2l@google.com.hk,W3pm2u7cePk,2021-09-19,fabelson2l
95,Cassandre,cbushnell2m,cworral2m@woothemes.com,sPYUijVIiM,2021-07-02,csantarelli2m
96,Aridatha,alinebarger2n,arattenbury2n@opensource.org,L9eGKuP,2022-02-14,ayerrall2n
97,Agnese,aclouston2o,apeers2o@microsoft.com,DVY8naDAX,2021-06-15,afurmedge2o
98,Audrie,amcclinton2p,achumley2p@ask.com,ce5yuWqNoqQ,2021-07-21,akester2p
99,Marshal,mayscough2q,mkingzet2q@answers.com,Mckhkq2894,2021-08-18,mbambrick2q
100,Bjorn,bbratcher2r,brosenzwig2r@icio.us,YpoZtf,2022-01-08,bmarikhin2r
101,Rip,ragerskow2s,rjedrzejewsky2s@princeton.edu,sIAuRj2ulvy,2021-06-22,rpate2s
102,Cloe,cpresnall2t,ckeitley2t@google.co.jp,IKAFOO,2022-03-05,cjewis2t
103,Kylen,kkynson2u,kjuleff2u@huffingtonpost.com,C6Zz5O8,2021-06-05,kbulter2u
104,Claudio,crome2v,cmarr2v@imdb.com,XzJV8U,2021-06-19,cwolland2v
105,Benedicto,bbassom2w,bforryan2w@biblegateway.com,kNLFcsbOf8I,2021-07-28,bbraddick2w
106,Billie,bangrock2x,bbothbie2x@apache.org,4zw8Zg,2021-06-18,bgarken2x
107,Joletta,jfawckner2y,jmcgrann2y@nbcnews.com,7lP2ZdvPCfnh,2022-04-16,jtrott2y
108,Antonius,asenecaut2z,adottrell2z@drupal.org,gFeC1O,2021-07-16,adann2z
109,Jan,jhollingsbee30,jmatuszak30@disqus.com,RhvdOp,2021-11-27,jkybird30
110,Hendrick,hwingham31,hliddiard31@dropbox.com,RbRbLUL,2021-11-09,halfonsetti31
111,Mickey,mlabarre32,mdanielsen32@google.co.uk,UsiP6IGqQg,2021-08-20,mlefridge32
112,Kessia,kmadeley33,kdirr33@toplist.cz,7U8AfolopIMf,2021-05-29,ksoulsby33
113,Darrick,dgiroldi34,dbanton34@technorati.com,piF2B3S,2021-09-15,dreckless34
114,Kacy,kjouannot35,kgadie35@desdev.cn,XktaqnKO,2021-07-27,kspacey35
115,Kimmy,kbibey36,korteu36@infoseek.co.jp,B0QFdfwGVb,2022-05-09,khuleatt36
116,Vite,videnden37,vmacarthur37@netvibes.com,XRvMhEG,2022-01-20,vminthorpe37
117,Alexandra,aruffy38,aipgrave38@thetimes.co.uk,8BAksWY,2021-11-06,ajamson38
118,Terrence,tohenecan39,tclapton39@sina.com.cn,BwpitlKq,2021-11-19,tkillingbeck39
119,Mari,mcrysell3a,mswetenham3a@over-blog.com,jTYPK6gi8i5,2022-01-15,mlappine3a
120,Waverly,waiston3b,wolyhane3b@mashable.com,eF9ICJ1wfk,2021-08-21,wkaradzas3b
121,Barnie,bventham3c,bzealey3c@chronoengine.com,nTft0ZBMDNQk,2021-08-13,bminchinton3c
122,Cherey,cverrell3d,cbickerstasse3d@1688.com,gN2agrWp6zB,2022-03-28,cgasquoine3d
123,Constantino,csangra3e,cdegoe3e@myspace.com,m7gq1B,2022-01-21,cspellessy3e
124,Nomi,ncastellone3f,nliggens3f@epa.gov,U9TmQKixPk,2022-02-23,ntitmarsh3f
125,Adolphe,abrayshaw3g,afirth3g@dagondesign.com,OuPIYhn,2022-04-05,aoliva3g
126,Wendell,wtwiggins3h,welstone3h@360.cn,t7xZ3VQPmr75,2021-11-01,wlivesay3h
127,Joshua,jgwyneth3i,jelham3i@accuweather.com,nCGtdxUaTvwN,2022-03-05,jgonzalo3i
128,Moreen,mcartmill3j,mgagg3j@apache.org,glNuDTVT31d,2021-08-23,mdarby3j
129,Babbette,braithmill3k,bwyvill3k@economist.com,UpaSUqn3MVbM,2021-08-22,bmollatt3k
130,Constantino,cbellerby3l,clebarree3l@eepurl.com,RcpUgue,2021-06-10,cwasling3l
131,Mohammed,malexandrescu3m,mholdworth3m@nydailynews.com,OZpI7peoX,2021-08-11,mcoils3m
132,Rania,rlassey3n,rengel3n@nymag.com,lTvvOZGsAXu5,2021-08-02,rthewles3n
133,Quint,qmilazzo3o,qspores3o@free.fr,DNFKxBV,2021-11-10,qlinkin3o
134,Davie,dgallo3p,dcornbill3p@cargocollective.com,to4yupJXVYM,2021-06-22,dchaston3p
135,Gardy,gquemby3q,gbeatey3q@webeden.co.uk,IlQ2BWkkVzh,2022-02-12,gmcarthur3q
136,Colleen,cjewer3r,ccaw3r@statcounter.com,Pgwe23VwXXS8,2022-03-25,cgridon3r
137,Raymond,rsabbins3s,rcawte3s@clickbank.net,9Crwb5Q,2021-09-26,rvalance3s
138,Julie,jdemead3t,jlappin3t@histats.com,VK0iul,2021-12-25,jtyas3t
139,Mike,mledward3u,mkauschke3u@qq.com,snpNpKAgDs,2021-12-24,mwhitters3u
140,Charyl,cfosdick3v,cdunbabin3v@gizmodo.com,0TcSAHrKE,2022-03-28,ctimson3v
141,Eddi,edomenc3w,ecraigmyle3w@cbsnews.com,HAoWgW,2021-08-25,earrighini3w
142,Sharia,sbreckon3x,sriehm3x@nifty.com,IusCJNkb,2021-10-11,shuntall3x
143,Carlin,cdegoey3y,ctoffetto3y@imageshack.us,yVe0a02n7A50,2022-05-10,cucchino3y
144,Ceciley,ccypler3z,cdowty3z@storify.com,GhJEfOzrfd,2022-05-07,cmckeney3z
145,Carmel,cadamini40,cmcgaugan40@surveymonkey.com,m747c3yNLTSb,2022-02-01,cquinsee40
146,Georgette,gheintz41,gcreser41@hp.com,uR4u1o,2021-10-06,givasechko41
147,Willow,wperch42,wlukash42@oakley.com,06UVucjAOY4K,2022-04-25,wmcmullen42
148,Maryanna,maxtens43,mguare43@vimeo.com,xYHSdUZ,2022-03-18,mcoxhead43
149,Judas,jbordone44,jtompkinson44@oakley.com,XfmAEGqYDO,2022-05-20,jlobell44
150,Jerry,jospellissey45,janglim45@altervista.org,j1FSxJQ,2021-08-07,jpaal45
151,Gabriele,gfeatherston46,gmccarlie46@slashdot.org,I09r5diZ,2021-10-28,gmaudling46
152,Claretta,cleyninye47,ctibbles47@tamu.edu,OgFETlU4cgei,2021-05-28,cmcewen47
153,Candice,ccamois48,cabbott48@mit.edu,WGWWvCr9m6v,2021-07-08,csemper48
154,Lezley,lworgan49,lreary49@joomla.org,ENJU5F3uqh,2021-06-04,lgoshawk49
155,Della,dshirtliff4a,dpfertner4a@state.tx.us,2wevuWD7,2021-08-14,derickssen4a
156,Joell,jmichell4b,jcammock4b@ezinearticles.com,n1xiXx1,2022-01-21,jkilgallon4b
157,Lisabeth,loolahan4c,lpowlesland4c@vistaprint.com,BLK4Pp,2021-08-17,lcompson4c
158,Hansiain,hjina4d,hmack4d@go.com,SGHMo5QAKJ,2022-01-12,hdiggell4d
159,Kevina,kmachin4e,kjenkison4e@slideshare.net,YGx3pE,2021-06-18,kmckibbin4e
160,Leigh,lpotapczuk4f,lhorstead4f@whitehouse.gov,sOnAbeE,2021-09-18,lfranzen4f
161,Kippie,kbrandom4g,kbromont4g@vkontakte.ru,StnLbG,2022-05-06,kperin4g
162,Selinda,simmins4h,sgolsby4h@seesaa.net,S8kLjQUok5pI,2021-12-22,sbrosetti4h
163,Benny,bbreyt4i,bcuxson4i@bloglines.com,Jl0j4LN3hs,2022-04-06,bfullom4i
164,Wendell,wtimeby4j,wkuschke4j@patch.com,GS4J8jTI,2022-01-25,wcardno4j
165,Merrel,mpirozzi4k,mdilliway4k@odnoklassniki.ru,tPKQMHWH65,2022-03-23,mpalomba4k
166,Marge,mjobbing4l,mfoulds4l@weebly.com,kDoI7WvO,2022-05-11,mwilkowski4l
167,Pepillo,pskelhorn4m,pbucher4m@theglobeandmail.com,XQI2yBoKCYg,2022-02-06,pfust4m
168,Samara,scraigheid4n,sdimsdale4n@house.gov,o9dovj,2022-04-09,serrol4n
169,Sol,soakes4o,sheikkinen4o@trellian.com,RkCYcqBTvI,2022-01-23,sduddan4o
170,Edwin,ecookman4p,ebenedidick4p@booking.com,IhrknqLZXDi,2021-07-11,ekemmis4p
171,Angelique,ahapke4q,amoorman4q@imgur.com,INYLKEm4,2021-09-13,acanete4q
172,Biron,bbatchley4r,broycroft4r@ehow.com,GD72Esg5Xl4,2022-02-24,bmilington4r
173,Elnore,epalomba4s,ebento4s@blogs.com,tN1emhlDSOI,2021-11-13,echiplin4s
174,Shelbi,sparlott4t,ssamuel4t@ucoz.com,0PtSsKfD,2022-01-08,sdomek4t
175,Amery,ahaskell4u,apeaseman4u@merriam-webster.com,7aAP2kqpIR,2022-02-18,aepton4u
176,Jeannine,jszimon4v,jkapelhof4v@furl.net,FLSHdFS,2021-08-02,jellerington4v
177,Culver,ccamies4w,csanders4w@ning.com,oBBU3H,2021-08-15,cbeiderbeck4w
178,Kamillah,kfayerbrother4x,kelland4x@examiner.com,GgIORHIi,2021-07-08,kperle4x
179,Ema,eholcroft4y,efolkard4y@thetimes.co.uk,GDwc4yzPKwvL,2022-04-03,etrollope4y
180,Keene,ksermin4z,kgolda4z@prweb.com,SrON18hMrhAS,2022-03-11,kfranciotti4z
181,Miller,mjirek50,mmcgraith50@nba.com,5KphvFv5F6D,2022-01-27,mcockings50
182,Chickie,cduck51,crockhall51@imgur.com,8iDgNOn,2022-01-24,cwarham51
183,Ebenezer,emarchington52,eapdell52@fastcompany.com,3EeC0tOVfSP1,2021-11-15,emalden52
184,Edythe,ewethey53,edelacote53@naver.com,9nk968cKXgNK,2021-08-31,eproger53
185,Cesar,cwinnard54,ccoope54@reuters.com,AQIOpn,2021-09-20,cknok54
186,Othello,ostenyng55,owebland55@bluehost.com,GZ8Ef9YF,2021-09-01,ohumbee55
187,Tarra,tingleson56,tluddy56@microsoft.com,NIXgmeB01,2021-11-05,tpittendreigh56
188,Armand,atrace57,aharbidge57@hubpages.com,anwqdfq,2021-12-17,acorr57
189,Tab,tpetty58,thutchin58@uol.com.br,V12PlmBJFq4H,2022-04-29,tparzis58
190,Henka,hscoble59,hfairbrother59@ning.com,LCazsKDY,2021-06-14,hsinott59
191,Kenna,kvanleijs5a,kbeckett5a@fastcompany.com,PSXt8BT3PL0P,2021-08-15,kpionter5a
192,Marilee,mponceford5b,mackenson5b@pinterest.com,AcSQyU2,2021-08-24,mgurney5b
193,Cesya,calmeida5c,cmaria5c@theatlantic.com,1x5fEWepqq,2021-08-11,ctortice5c
194,Sheeree,sbissiker5d,showling5d@techcrunch.com,lxqS36gI6K7G,2021-09-05,sthorndale5d
195,Willa,wwhal5e,wverbrugghen5e@paginegialle.it,6D6POcqof,2021-10-14,wgounard5e
196,Boonie,btodor5f,bdunmuir5f@dyndns.org,QOwhMhG,2021-09-16,bbulford5f
197,Karon,kledrun5g,klaing5g@amazon.de,xY5CDV,2021-10-17,kdohms5g
198,Aleen,ahedditch5h,aupchurch5h@unesco.org,4tlkzPUqq,2022-02-01,ahales5h
199,Rona,rstrettle5i,renderby5i@java.com,3VBKJYVih0f,2021-12-17,rcollete5i
200,Lazarus,lcromie5j,lrainsbury5j@wordpress.org,BNEpYPUfFE,2022-02-03,lfiorentino5j
201,Sheryl,sharrhy5k,sgrover5k@hostgator.com,4CCCvXB,2022-04-29,slempel5k
202,Lilian,llynch5l,lcrews5l@dmoz.org,sMpm4wOpR2a,2021-12-19,lchumley5l
203,Deloris,dfernan5m,dodell5m@github.io,xreqY5W,2022-03-17,dbeggin5m
204,Flint,fhorche5n,fsaltsberger5n@homestead.com,FJkpbv5RRVo,2022-03-14,flicari5n
205,Leoline,lchidzoy5o,lmann5o@whitehouse.gov,Ed3EclTbCC9z,2021-06-10,liwanowski5o
206,Darcey,dbreache5p,dfarlane5p@epa.gov,9MB8NS0ZX4,2021-08-03,dwoolway5p
207,Scarlett,swilhelmy5q,spetruska5q@apple.com,lz6PTdY9IlD,2022-04-28,smcfetridge5q
208,Inger,ifaldoe5r,icogar5r@howstuffworks.com,F1klbihGPm,2021-08-02,imckean5r
209,Penny,pleggat5s,pmanneville5s@mediafire.com,ZuiwO6,2022-05-12,pwhyberd5s
210,Teddi,tferreras5t,tbygrove5t@blogger.com,WnjzTrAa2Di,2021-07-18,tcrayton5t
211,Gard,gwillder5u,gdrane5u@cafepress.com,55ONSP,2021-06-11,gtoy5u
212,Helge,hrebillard5v,hwimmers5v@narod.ru,avx0ogSV,2021-07-30,hreeken5v
213,Brigg,bwilliam5w,bgatheral5w@earthlink.net,JfscS9BusSO6,2021-05-27,bflacke5w
214,Lynnette,lopenshaw5x,lhobden5x@fotki.com,skj4qsHM,2021-12-15,lmatevushev5x
215,Graig,gstourton5y,gwarry5y@meetup.com,mW4MdDWGgE,2021-07-16,gbridger5y
216,Katie,kjesper5z,kbeastall5z@comcast.net,nuWeoYl,2021-07-23,kblakeney5z
217,Fairlie,fmerrett60,fablett60@umich.edu,mWVOmO,2021-12-19,fwetherell60
218,Paquito,ppetrowsky61,psiggee61@wordpress.org,qANHygbM7y,2022-02-15,pjeffes61
219,Roze,rswin62,rdebellis62@wikia.com,m8uKOo,2021-08-25,rbrauns62
220,Fabien,ftarbet63,fbaugh63@over-blog.com,2sqDxe,2022-04-16,flewens63
221,Kellen,khardacre64,kjosey64@addtoany.com,Ehvr5lt,2021-10-24,kelves64
222,Jenelle,jdraude65,jizakoff65@nyu.edu,MLkE0IZbButK,2022-03-02,jgarforth65
223,Gretna,gchauvey66,gelsdon66@constantcontact.com,SSCWPt,2022-01-15,gfrangleton66
224,Domenico,drobker67,dandrus67@google.de,D39hjdcn,2022-01-01,dradford67
225,Emelina,ewilsher68,egrigs68@issuu.com,Ur9otkC,2022-03-07,etustin68
226,Wakefield,wbruton69,wspalton69@comsenz.com,cQ4oZawFqzh,2021-08-08,wsoars69
227,Virge,vspeirs6a,vhaggus6a@abc.net.au,zBOlXWaQdaj,2022-05-20,vdartnall6a
228,Julita,jmcboyle6b,jspacy6b@yellowbook.com,0h4q0VVfN,2021-11-28,jbatters6b
229,Bliss,bgodbehere6c,blasham6c@youku.com,rAPn6CJ7D3Cv,2021-06-17,bkettle6c
230,Stephan,sgrimme6d,ssandcraft6d@timesonline.co.uk,lp7bRc6sBqlJ,2022-01-29,ssumnall6d
231,Candie,cminall6e,cclougher6e@prweb.com,VapT3SEW5l,2022-03-14,cflood6e
232,Olimpia,ofarland6f,oglanz6f@bluehost.com,ON9mYOk,2022-04-16,ocornelissen6f
233,Mureil,mhagland6g,mfranzel6g@artisteer.com,bry5zsWpo,2021-06-14,mcarlo6g
234,Anders,agrenkov6h,akershow6h@dailymotion.com,iT2wMJc,2021-06-07,amarriot6h
235,Fern,fiston6i,fglover6i@globo.com,HrOJsIWu,2022-01-27,fcullon6i
236,Chrisse,cmallam6j,cdennistoun6j@bloglines.com,gKPPTpbhVp1,2022-04-13,cshovlar6j
237,Bendicty,bhughson6k,bjaycocks6k@facebook.com,yVZCbt,2021-07-28,blightwing6k
238,Roddy,raveling6l,rvardey6l@spiegel.de,mQo8iUMEP,2021-10-04,rslograve6l
239,Patience,pedmund6m,pvanweedenburg6m@sfgate.com,0Rj53Eb6P,2021-11-28,pcotillard6m
240,Davide,denoch6n,ddicte6n@addthis.com,zKWmMgpW,2021-09-11,dgoodredge6n
241,Olia,osinnocke6o,oerricker6o@oracle.com,rQaHS547wt0,2021-11-25,oclifforth6o
242,Quintana,qbennitt6p,qpipet6p@icq.com,aNDQungO5yw,2022-02-17,qfarnish6p
243,Lisha,ldifrancesco6q,lgroneway6q@deviantart.com,LkCCnw5,2021-10-09,lcalam6q
244,Moses,mvillaret6r,mmcevoy6r@cdbaby.com,mrZ0X1JiW8yJ,2021-12-20,mwhitehurst6r
245,Symon,sroache6s,skuzma6s@redcross.org,1IMKLJuMBl5,2021-09-24,slanfere6s
246,Yalonda,ysnooks6t,ypeete6t@list-manage.com,Df9QuQu,2021-09-26,ypicford6t
247,Deirdre,dovington6u,drowlings6u@psu.edu,kvuIfWtu,2021-10-07,dpeete6u
248,Bartram,bhewlings6v,bduxbury6v@upenn.edu,84nf5I,2022-01-19,bjouen6v
249,Wilow,wlazer6w,wprobet6w@nasa.gov,3dVhZib,2022-03-11,wdeboy6w
250,Charmain,cdearsley6x,cgercke6x@trellian.com,q1sdCjZViVE,2021-09-16,cgoldster6x
251,Celeste,cskill6y,cbexon6y@wordpress.org,ZljsgQCR,2022-01-16,cninnotti6y
252,Rustie,rfoddy6z,rlambell6z@weather.com,98J0C9bE,2022-05-19,rthompstone6z
253,Aloin,abrient70,abenton70@360.cn,gBBrbzA,2021-07-15,acampa70
254,Lotta,larundell71,lbeecheno71@blogspot.com,Wh40jeuWh48,2021-11-05,lruss71
255,Craggy,cwoollett72,cburgane72@nationalgeographic.com,02Xwj12U,2021-10-27,ckoop72
256,Joannes,jmowday73,jgreatbank73@studiopress.com,8j8ywFzFmh,2021-06-13,jarthey73
257,Warde,wspelman74,wdingsdale74@dot.gov,0J6YwchoGRi,2021-06-20,wbembrigg74
258,Jerrilyn,jryce75,jhaggidon75@phoca.cz,tFTYjbom,2022-05-09,jlouisot75
259,Olly,otodaro76,opaolicchi76@histats.com,UuXl6lR,2021-12-20,osummerlee76
260,Emile,emunning77,etuxell77@nature.com,U7ArtLloxKn,2021-11-23,ehehl77
261,Evelyn,estibbs78,etuffell78@discovery.com,F9eaFXba9,2021-11-09,ehusby78
262,Stewart,sbiddwell79,scochern79@163.com,1iwH00,2022-03-08,scolbourne79
263,Bethany,bfairpool7a,bmowbury7a@free.fr,tq0jmkjB,2022-01-18,bosirin7a
264,Odette,ocicchillo7b,omerrilees7b@163.com,HpA1MAPzjif8,2022-05-11,osandbatch7b
265,Kristoforo,kchadbourne7c,kfoan7c@craigslist.org,qizDwEcZ,2021-11-25,krallinshaw7c
266,Jakie,jheller7d,jpulver7d@wisc.edu,CKzkWi6B,2022-01-12,jelcoate7d
267,Karlie,kchiles7e,khardage7e@feedburner.com,ElgvZhR4,2021-11-02,kmatessian7e
268,Alix,ahaddleton7f,amccomb7f@hugedomains.com,JMOtIBsnbb,2021-06-28,aeilert7f
269,Sallyann,sfidge7g,sleythley7g@oakley.com,jBvCThi,2022-03-01,sstonelake7g
270,Barclay,bhunnicot7h,bpawley7h@oaic.gov.au,1ajIMbZu,2021-06-02,blampart7h
271,Christie,cgisbourn7i,cspellman7i@forbes.com,D9pnjk,2022-03-12,cpancast7i
272,Serge,sulrik7j,sleebeter7j@lycos.com,XYsZ74GV3Bg0,2022-04-10,spipping7j
273,Loretta,lchamberlen7k,lnovik7k@free.fr,uWyxnyzRl,2022-04-15,lswainger7k
274,Berti,bstoodale7l,bbools7l@yolasite.com,ZbmY7L,2021-10-27,bgrattage7l
275,Beverie,bsparrow7m,bbello7m@shinystat.com,9VJ81qvU,2021-06-02,byukhov7m
276,Phillip,pcantopher7n,pmaltster7n@deliciousdays.com,zfcQLWsGw,2021-08-08,pcromley7n
277,Rubia,rspraberry7o,rfound7o@netlog.com,bJjrgiPn5,2022-02-23,rtillman7o
278,Dorita,dlinner7p,dsomerton7p@storify.com,XhKA3rd,2022-04-11,djendrys7p
279,Gwenni,gwoolfoot7q,gmoakes7q@statcounter.com,IU7NanII,2021-08-05,gdegoey7q
280,Lolly,lresdale7r,llyffe7r@netvibes.com,f4PyqxXoC,2021-08-18,lcruwys7r
281,Kean,kweins7s,kseelbach7s@wikispaces.com,6lK403SFoYIp,2021-08-23,kmckinnon7s
282,Bee,bsirmond7t,bmarti7t@deviantart.com,V7W1Ea,2022-02-20,blehrmann7t
283,Jocelyn,jstoaks7u,jblaxland7u@mail.ru,KTp7UJDvT,2021-11-29,jalcido7u
284,Doralyn,dhradsky7v,dfieldsend7v@cocolog-nifty.com,cCBHGNQsyuDV,2021-12-07,dguilder7v
285,Conrade,csertin7w,cderr7w@columbia.edu,rArOctG,2021-09-13,csemmence7w
286,Benedetta,bkenafaque7x,bsandy7x@vimeo.com,iZB8kY,2022-03-14,bpettegre7x
287,Antonio,asimmins7y,arubens7y@smh.com.au,VXVVPMMsss,2022-01-02,atucknutt7y
288,Rufus,rinnwood7z,rcreech7z@macromedia.com,0yb6Cg6Qk0L,2021-12-18,raleso7z
289,Marguerite,mhartup80,mtriplet80@posterous.com,G4gqd1O4q,2022-03-29,mjagels80
290,Corliss,cparagreen81,crowney81@mac.com,ZAZfrplf5Y,2022-05-12,cattew81
291,Dara,dklaggeman82,dsebire82@time.com,PWcvR3rFBv2R,2022-04-02,dyitzovitz82
292,Reed,rbrabbins83,rokker83@washingtonpost.com,zbQpq38,2021-06-28,rcraisford83
293,Kenyon,kbeamson84,klode84@nature.com,0WiNUwA,2021-09-05,kmessom84
294,Immanuel,isproule85,iemnoney85@opensource.org,IYb1zbag,2021-07-17,ikemster85
295,Justus,jscotney86,jslimings86@ifeng.com,LzwmEmXV9,2021-07-09,jcookney86
296,Arden,aedmund87,ashepcutt87@geocities.com,JEw7ANEv,2021-10-12,avidyapin87
297,Ryan,rbroose88,rcallcott88@sciencedirect.com,q9sSWaA8SD6n,2021-08-15,rjude88
298,Marje,mpoe89,mbartholomieu89@army.mil,qwq03KYfm,2021-08-19,mpurkess89
299,Ora,odurbyn8a,odowbekin8a@adobe.com,dfyspENHV,2021-12-09,obaurerich8a
300,Britni,bbrear8b,bhillett8b@csmonitor.com,l4QgmiyBFjxV,2021-12-05,bcorballis8b
301,Kelsi,kdeaconson8c,ksille8c@netvibes.com,8EExWaO,2021-11-19,kcamilleri8c
302,Terrie,tphelips8d,tpiniur8d@umich.edu,gyvTKb3GOR,2022-04-11,tgeorg8d
303,Guthrie,gpagel8e,gteather8e@washingtonpost.com,R4E5HK,2021-05-31,gcurphey8e
304,Martha,mgoold8f,melsmore8f@cisco.com,SNg6jC,2022-03-27,myosevitz8f
305,Davon,dcatmull8g,dgrange8g@elpais.com,W6gqfHl,2021-10-16,dpilling8g
306,Felicity,fcorneille8h,fjirieck8h@elpais.com,xJGaJXHMc9s,2022-02-06,fchismon8h
307,Tilda,tsaladino8i,tsare8i@walmart.com,YiRk9qLoZ6o5,2021-09-15,tmissen8i
308,Della,dfanthom8j,dfazan8j@oracle.com,0KyM3zzhi8,2021-07-22,dmereweather8j
309,Dacey,dhamsson8k,dpittoli8k@t.co,9Pisnl,2022-02-17,dmatchell8k
310,Jeana,jbecconsall8l,jnimmo8l@mozilla.com,W6sn4rJL,2021-10-05,jgregol8l
311,Carlie,cjessope8m,cawdry8m@kickstarter.com,CykA6FAUy,2021-10-03,cdeas8m
312,Willetta,wknightley8n,wnimmo8n@cmu.edu,mJWHry7F0,2021-08-03,wshieldon8n
313,Ed,edesquesnes8o,elowrie8o@examiner.com,ywCAA9Ik,2021-11-18,emcbrearty8o
314,Norma,ntunnicliff8p,ncrosetto8p@wiley.com,YfTG2qP3TD,2021-12-05,nrodenburgh8p
315,Deni,dlacroux8q,dleak8q@seattletimes.com,4EH16pDpMk,2021-11-16,dubsdall8q
316,Teirtza,tplover8r,tlafranconi8r@archive.org,XIZfaL,2021-12-21,tmarshalleck8r
317,Petunia,ptorre8s,pconduit8s@myspace.com,V77VXsnuF,2021-12-02,ppook8s
318,Aymer,aitzak8t,anorthey8t@w3.org,NLqFmd,2022-04-24,awoodhead8t
319,Arlan,agoodwill8u,ashirer8u@twitpic.com,ZqrAywhn7Q,2022-05-12,apeakman8u
320,Charmian,ccaush8v,cbelison8v@elpais.com,eJaCLUHe7,2021-10-18,cchesterfield8v
321,Dorthy,dnelles8w,dheskin8w@dmoz.org,Bqt13f,2022-02-08,dcumpton8w
322,Worthington,wchandlar8x,wrodenborch8x@chronoengine.com,bjLdLfE,2021-10-29,wkaufman8x
323,Eddy,ehallex8y,epoley8y@e-recht24.de,PXnRRqVMIO,2022-05-23,echastey8y
324,Finlay,ffanstone8z,fzmitrichenko8z@ihg.com,OG6nSB,2021-09-01,fokieran8z
325,Clementius,cstefanovic90,cblyde90@un.org,hJrAV4sguaR,2021-12-08,cllewelly90
326,Frankie,fminchi91,fsiggens91@nih.gov,EkJdELJf,2022-03-14,flunt91
327,Bernhard,bvowden92,bblythin92@booking.com,7hlJFU7,2022-03-17,bbapty92
328,Meryl,mbingle93,melcomb93@statcounter.com,L9HUVxbo,2022-03-26,morgan93
329,Barrie,btampling94,bmoakes94@constantcontact.com,SNFS8Aa,2021-11-28,bburdytt94
330,Burt,bsalvador95,bdalliwater95@pinterest.com,mzLSlA3E9d8P,2022-04-15,bdavet95
331,Lindie,llezemere96,lsouthern96@yale.edu,TiAhEE8j,2021-08-31,lhaselden96
332,Malissia,mmariot97,mmerricks97@tinyurl.com,zGEIJCbU,2021-08-06,mhullyer97
333,Truda,tbeevor98,tclick98@japanpost.jp,8w0pJQUOfesb,2022-03-10,thaensel98
334,Joshua,jloud99,jbernath99@posterous.com,ryBvS9MCI,2022-05-06,jgjerde99
335,Kelcie,kdobbinson9a,klindroos9a@umich.edu,Btr617M7,2022-02-17,kjenken9a
336,Desi,dcochrane9b,dburhill9b@wired.com,zFFh5aNZ,2021-12-10,ddeverehunt9b
337,Hastings,hfreake9c,htuiller9c@narod.ru,dhWVyX,2021-07-12,hcheavin9c
338,Reg,rrospars9d,rvernau9d@cloudflare.com,vKrNrZ,2021-07-11,rhaking9d
339,Darby,deveringham9e,dsandys9e@ezinearticles.com,cl9vJ1RL,2021-05-31,dcosker9e
340,Wilie,wladell9f,wmoye9f@pbs.org,J2oTndFuLTLp,2022-05-11,wmcmaster9f
341,Rafaellle,rmillwater9g,rfissenden9g@slashdot.org,T7hhnH2dpUJ4,2022-01-05,rmenaul9g
342,Evey,ehasluck9h,eabramovicz9h@people.com.cn,VPSEml,2022-04-05,erushbrook9h
343,Micaela,mlenthall9i,msuttill9i@rediff.com,ze2jPBpc,2021-09-13,mkelberman9i
344,Sheryl,ssteutly9j,seyrl9j@technorati.com,yamwhTZM,2022-03-30,sangear9j
345,Tadeas,tvedmore9k,tmoyce9k@opera.com,YH4TQ4EzYNK7,2022-02-11,tshiers9k
346,Theo,tvanderbeken9l,tmccarroll9l@arizona.edu,TktWp0,2021-12-14,tboyer9l
347,Kary,koscollee9m,kfarady9m@engadget.com,v9Fe8KSX9M,2022-03-06,kfludgate9m
348,Allyce,adysert9n,aduley9n@engadget.com,jJCrvdP,2021-08-15,alewknor9n
349,Dionysus,dstell9o,dbaumert9o@icio.us,qRJG3Hbc,2021-10-16,dpaddingdon9o
350,Lulu,lbragginton9p,lchittem9p@list-manage.com,I6xzSD,2021-10-29,lmclenaghan9p
351,Osbourn,okesby9q,olissett9q@amazon.co.jp,csngkAsd,2021-05-28,oiamittii9q
352,Herminia,hkahen9r,hlamprecht9r@github.com,LLRuZoUX,2021-12-05,hissitt9r
353,Ailyn,asouthon9s,aoswell9s@smh.com.au,j1R6YM8hhw,2022-02-24,agocher9s
354,Abner,amusla9t,asexon9t@github.com,thh6QUj,2021-09-18,afremantle9t
355,Allyn,aginglell9u,arotchell9u@feedburner.com,il6HfAQi,2022-04-21,ateresi9u
356,Lexi,lburwin9v,lbofield9v@ucsd.edu,ixuwlx,2021-12-06,locheltree9v
357,Janis,jputtergill9w,jbinnion9w@scientificamerican.com,THS3AsoV,2021-09-07,jnaile9w
358,Jackson,jcorkhill9x,jseeviour9x@storify.com,ipbILp3p,2022-03-24,jmcgrowther9x
359,Neilla,nbrotherhood9y,nhurrion9y@fc2.com,1iuKbT1DF,2021-05-28,nwestmarland9y
360,Erminie,egiffon9z,estellino9z@nytimes.com,a7IFVGCQ8,2021-12-29,emccowan9z
361,Broderick,bdesortsa0,bgilbanea0@ox.ac.uk,Xrrv4X,2022-03-16,bburgetta0
362,Gwenny,gdenisoa1,gluxa1@google.fr,9cbprbkg,2022-03-04,gcordona1
363,Salvador,smassarda2,sburforda2@comcast.net,O9fxMt2X5OL,2022-01-04,smckellera2
364,Anette,abaalhama3,acoltarta3@bing.com,Rr57XkkCTrM,2021-07-27,atommeoa3
365,Marlin,mgoldsworthya4,mpearcya4@blogger.com,3b56V3qp,2021-10-27,mmoggacha4
366,Vanna,vsidlowa5,vgoscomba5@cnet.com,0KbFpH9b3da,2022-05-15,vuttermarea5
367,Lelah,lchristola6,lfeldheima6@toplist.cz,klN3qbhw,2021-06-08,lraimbaulda6
368,Talya,tculvera7,tgrovehama7@engadget.com,FLzsh6TY4W,2022-01-30,thairsinea7
369,Beryl,bbucka8,bmatyushkina8@noaa.gov,Nxxzj0d,2021-09-05,bdebischofa8
370,Clemmy,cdoggetta9,chardwidgea9@youtube.com,uIZk2Vxan,2021-08-04,cfairfoota9
371,Boothe,btarplyaa,bhumblesaa@slideshare.net,cb6tRQzitaV,2021-06-02,broscamaa
372,Alleen,adutnellab,akohtlerab@miitbeian.gov.cn,y5ruJdnJmGS,2022-05-22,apomphrettab
373,Ernie,erosebothamac,estainingac@ustream.tv,SvCl6queYC4,2022-03-22,estrotoneac
374,Pollyanna,pbraunesad,pbretonad@biblegateway.com,ojhz5Y2,2022-03-26,pamorad
375,Jobie,jcampesae,jlurnerae@twitpic.com,i8D6iMwLHRQ,2021-08-29,jstanelandae
376,Ansell,asagaraf,alivesayaf@ucla.edu,Is95GDY9N,2022-02-17,ajosefsohnaf
377,Raymund,rlowseleyag,rsoigneag@nymag.com,MGxbx4,2022-01-13,rokenfoldag
378,Gianna,ggiacobelliah,gskittrellah@twitpic.com,iQ5Nv4qk8sW,2022-04-11,gkuzmaah
379,Eddie,eadkinai,eguernerai@apple.com,e0VKAq,2021-09-03,eevensai
380,Lionel,lpoggaj,llanferaj@loc.gov,xlAAagI,2021-06-07,lallmanaj
381,Nicoline,nreolfoak,nlabeuilak@adobe.com,cDqIgEv,2022-04-13,ndawberak
382,Pebrook,plorenzal,pleamanal@comcast.net,AcLWlepQs,2021-10-12,pburnieal
383,Abdel,aburghallam,asayburnam@blinklist.com,RO2gNQCcJQA,2022-02-14,atrustyam
384,Tamar,tgreasleyan,trametan@so-net.ne.jp,THj9aQ7JpL,2021-10-11,tkeanan
385,Phillie,ptrevertonao,pbrandacciao@eventbrite.com,BISi1G,2021-07-24,pkainzao
386,Errick,egaylordap,ejanoschekap@tuttocitta.it,E46itJr,2021-07-22,egiovannilliap
387,Melicent,mdungeyaq,mnolderaq@bizjournals.com,VX5eHHOQnA,2022-02-06,mhindsbergaq
388,Jacquie,jwaggattar,jtwitchingar@slashdot.org,Esd9fU,2021-08-18,jhoulaghanar
389,Dorian,dcrocettoas,dparsissonas@sina.com.cn,cEKUtH,2021-11-11,dgopsallas
390,Joelie,jshutteat,jhaythornat@google.de,XK1FhoQoLw,2021-05-31,jingryat
391,Izzy,iduryau,iloudwellau@fema.gov,y1pVerODQ,2021-06-22,idurnanau
392,Massimiliano,mpetkenav,mmushrowav@macromedia.com,vtpqfOu32zS,2021-10-01,mmccayav
393,Isis,isibthorpeaw,icaressaw@bravesites.com,Y1Rgpc06b,2022-01-12,iprettjohnaw
394,Raven,rspickettax,rmcgrirlax@hp.com,gFRMif,2022-03-13,rlewteyax
395,Blanca,bbuseay,bdelavaletteparisotay@google.pl,rGyeEwPi,2022-02-23,brymmeray
396,Lynnett,lmccritichieaz,ljuhrukeaz@taobao.com,YYsGb2SIb7Ya,2022-01-12,lboveraz
397,Clarisse,cicomb0,creginab0@qq.com,X8ujhnbbk,2021-11-17,chayneb0
398,Farrand,ffrewerb1,fhackeyb1@imgur.com,2O5jDpcGW,2021-10-19,fvalesb1
399,Gannon,gbonsaleb2,gcorkettb2@ow.ly,M6L3OS1,2022-01-31,grickerdb2
400,Margie,mbutlinb3,mmacenteeb3@tinyurl.com,mhxxd5vEjB,2022-03-30,mchittleburghb3
401,Sibley,sdurob4,slinggardb4@ocn.ne.jp,oVoIe54mK,2021-11-03,swillingamb4
402,Curran,clanslyb5,cjeffressb5@reference.com,o1fMZcE,2021-08-05,cfroomeb5
403,Elita,erizzellib6,enisbyb6@archive.org,bOiukj16JD8,2021-07-17,egorbellb6
404,Taber,tmouldb7,tmcauslandb7@paginegialle.it,xaxUabAmBLM5,2021-06-29,tcattermoulb7
405,Jonis,jerleyb8,jlargeb8@twitpic.com,PqoKfUNtNy2X,2021-06-18,jgattyb8
406,Noami,nramageb9,nlonderb9@netlog.com,xaBwXHw,2021-06-16,nbaudassib9
407,Dareen,divashinnikovba,ddesseineba@twitter.com,jIWlgy,2021-11-01,dgotthardsfba
408,Lynnet,lmcmeekingbb,lstobbsbb@ucsd.edu,CF65nfv,2021-07-28,ljehubb
409,Nikita,nethridgebc,ncarolinebc@vkontakte.ru,Onl1VZ,2022-05-23,nmarnanebc
410,Caresa,cmcmonniesbd,ckeppelbd@mac.com,UmGPFp9j,2022-01-12,claguerrebd
411,Robina,rtippettsbe,rleprovestbe@uiuc.edu,txU5xut3dcB,2021-10-26,rdinnegesbe
412,Christy,cbricknerbf,ctansillbf@vinaora.com,me6W4PDMk,2021-12-26,cpedriellibf
413,Merwin,mmcasparanbg,mlumbersbg@wunderground.com,vvtZCX2g,2022-02-22,moliviebg
414,Franny,fguiubh,falldenbh@booking.com,3GsuvtJfou,2022-05-02,fwhitwoodbh
415,Kirstyn,kmacdougallbi,kmcgormanbi@chicagotribune.com,UlcdIuCWgUG,2021-10-10,kelletsonbi
416,Scottie,scantobj,sbryanbj@cisco.com,q0rTljN5x,2022-03-22,speresbj
417,Elbertine,efazakerleybk,eachurchbk@deviantart.com,Bt3X4UM9oYW,2021-11-01,enoorebk
418,Consuelo,czuannbl,cblissittbl@hubpages.com,OAVBM0Kk,2021-10-19,cblethinbl
419,Myriam,mparkynbm,mperrybm@yahoo.com,Uefo7XQ,2021-08-29,msorelbm
420,Jerrie,jvardeybn,jfranscionibn@cisco.com,BtKkTGWw8U,2021-06-01,jdelascybn
421,Cozmo,ctaitbo,cgavaranbo@mapquest.com,LG5WHTjct,2021-08-21,ctipensbo
422,Gertruda,gkuhnwaldbp,gcudbertsonbp@angelfire.com,gUbEJj4Mrz,2021-10-11,gstuckeybp
423,Leonidas,lprewettbq,lautonbq@blinklist.com,FMESyfX,2022-05-11,lelsterbq
424,Marlo,mpamplinbr,mhollebonbr@bbb.org,LCz2hOMiEtR3,2022-05-20,mmckeachiebr
425,Lionel,lraphaelbs,lahrenbs@hostgator.com,0d01g6Mou3qq,2021-07-10,lvictorybs
426,Mychal,mboydonbt,mfairesbt@earthlink.net,aztnOrJB,2021-08-13,mderechterbt
427,Vernor,vmebsbu,vgoldsburybu@github.io,kZgHdTM,2021-10-18,vchaffebu
428,Vi,vcluattbv,vstrangebv@disqus.com,1PoH8O0ltD,2022-03-19,vhightownbv
429,Allegra,amcwhirterbw,alinnockbw@mac.com,Jy2onQums,2022-04-02,ahabishawbw
430,Esther,estanggjertsenbx,erisebrowbx@guardian.co.uk,VoKeit,2021-10-07,etaskerbx
431,Rosaleen,rgibbyby,rgwinby@state.gov,O59Xbg7l,2021-08-21,rkaubleby
432,Erika,estevingsbz,ebeddallbz@cocolog-nifty.com,UJvJK5eo,2022-03-16,eandersenbz
433,Tiffi,tbinnec0,tbrendishc0@diigo.com,4s4DuFDwU2v,2022-02-22,tstollerc0
434,Bondy,bhaglingtonc1,bdelorenzoc1@is.gd,fYh9GI,2021-08-27,bgligorijevicc1
435,Lauraine,lessebyc2,lfulkerc2@myspace.com,Cq9a9j7V,2022-04-05,lveelc2
436,Austine,asteedenc3,amaccurlyec3@buzzfeed.com,zZSwMs,2021-10-04,adeic3
437,Gene,gbaumc4,gstuckleyc4@paginegialle.it,0Mmn55k,2021-12-04,gjeanc4
438,Moyna,mbortonc5,malmondc5@craigslist.org,zt8S01OnJ,2022-01-03,mburnelc5
439,Kaspar,kgohnc6,kstanesbyc6@w3.org,OiYOna,2022-02-22,kgregorc6
440,Kermy,klassenc7,kbocockc7@wp.com,LtyRj057P,2022-04-15,kfarnhamc7
441,Pepito,pjacobsenc8,peatonc8@amazon.de,mDPvPXrKAc,2021-06-10,pantalc8
442,Stanfield,stomasinoc9,sbewickec9@eventbrite.com,2hUbDZqcb,2022-03-01,sgambrellc9
443,Agretha,aallumca,asabathierca@wufoo.com,QimcMp,2021-07-01,ahalleyboneca
444,Janeta,jlambiscb,jdeasoncb@scientificamerican.com,7cLUmj,2021-06-13,jcavancb
445,Kimbra,kkavecc,kcolenuttcc@xinhuanet.com,NmYqvFzkIpi,2022-05-20,kdummettcc
446,Theodoric,thayzercd,tduigenancd@craigslist.org,UR2QM0W8EZ,2021-10-06,tstuttcd
447,Sondra,sottamce,sjugginsce@studiopress.com,VYsCtQZ,2022-04-16,sduthiece
448,Lezlie,ldaguannocf,lmantionecf@woothemes.com,7BL0mpt2kEzm,2022-02-13,llatchfordcf
449,Bartlet,ballchornecg,bschierschcg@ibm.com,S2dkINzYi,2021-09-15,btwiddycg
450,Leese,lcommonch,ldrinkalech@tumblr.com,CtJz9qZ1okV7,2021-08-31,lgreethamch
451,Katuscha,kconenci,kdennessci@google.co.jp,pMh54G,2022-03-06,kdevoyci
452,Gail,gchilcottecj,gdyneleycj@umich.edu,NzBhR9W6t,2022-05-01,gswatmancj
453,Cordi,cluckettck,cpadburyck@moonfruit.com,fMt2E5o5o,2022-04-02,cburgottck
454,Bessie,bdoorecl,bdolescl@prlog.org,RbpXWnI1,2021-09-05,beverexcl
455,Moyra,msmeescm,mkornalikcm@ibm.com,tDs0Xh5BCSIn,2021-05-29,mmccottercm
456,Colver,cseivwrightcn,ceulcn@purevolume.com,taDbfFbKCRtS,2021-12-12,cgentzschcn
457,Lin,llincolnco,lmcmenamieco@plala.or.jp,ZJ0aiG5SzaAo,2021-08-03,lcuddonco
458,Armand,asheehancp,arowetcp@google.it,I7QEZbC8,2021-08-05,ataylersoncp
459,Orlando,oposselcq,otinceycq@chicagotribune.com,3nrZx5tRcFMf,2021-12-27,omeneghellicq
460,Sauncho,sguswellcr,sewingtoncr@4shared.com,HdXkCLxTE,2022-01-19,ssmicklecr
461,Alexa,aedgecombecs,ahuntallcs@hc360.com,GCzPttE2d,2022-05-18,alockeycs
462,Trev,thadnyct,tdruryct@devhub.com,3Hj6aR5,2021-12-14,tmanthact
463,Coraline,codgerscu,clormancu@whitehouse.gov,LscODU1UL1a3,2021-11-28,cpottencu
464,Locke,lebbinscv,ljermeycv@cisco.com,oyB2OwM,2021-06-22,lduckelscv
465,Roshelle,rcrowchercw,rperellicw@addtoany.com,o2HpITW77R,2021-06-27,rblondencw
466,Ezekiel,ehennercx,emcmahoncx@apache.org,4U1rMDOatl9i,2022-04-07,ebeggincx
467,Christy,cguilaemcy,cpreshouscy@yandex.ru,ivHcfs,2021-07-25,cdregercy
468,Feodor,ftoffettocz,fsindencz@so-net.ne.jp,gCIsRZK5J8,2021-07-04,fnorfolkcz
469,Ellery,eosullivand0,eferrand0@comsenz.com,dIdPrL4Hy7,2022-01-02,ekinnaned0
470,Dion,dgushd1,dkilfordd1@arizona.edu,zBfrtpC,2022-05-01,dcrasswellerd1
471,Rog,rwilcherd2,rcaseyd2@dyndns.org,rGueJA9RhRz,2021-11-04,raplind2
472,Kristyn,kgrzegorekd3,kjohnseyd3@jimdo.com,rLNSD3c,2021-07-26,kquilkind3
473,Yettie,yashtond4,yshelbourned4@altervista.org,laVspCteI,2022-03-08,ykeyhod4
474,Jamal,jheaslyd5,jhillyattd5@infoseek.co.jp,Z7yxAQ7d,2021-06-23,jstephend5
475,Charlena,chackworthyd6,callittd6@liveinternet.ru,1kNxPLfj,2022-04-12,challtd6
476,Jess,jnonid7,jquakleyd7@apple.com,pSNTEJQ,2022-01-23,jboshered7
477,Brandyn,bsnelld8,bskurrayd8@dailymotion.com,JSglEkDjo8,2021-08-31,bbryerd8
478,Tanner,tronchkad9,tcanerod9@statcounter.com,jx1aFTOl,2021-11-27,teallesd9
479,Cammy,csmitheda,cmacanultyda@engadget.com,6QLoOU,2022-05-06,calbistonda
480,Ariel,agjerdedb,amacgoverndb@businesswire.com,tZh1DQaj,2021-07-04,aeatttokdb
481,Colas,cgreenhalghdc,cjopedc@eventbrite.com,yqsWp0BCHe62,2021-12-13,caldersleydc
482,Stinky,sroosedd,sspantondd@bloomberg.com,u4koCCfo,2021-12-15,soscannilldd
483,Thorny,tlidgertonde,taimericde@yahoo.co.jp,yPsy7VVW,2022-03-24,tleadleyde
484,Tull,tosoriodf,tkemishdf@is.gd,Lz922efA,2022-05-17,tvintdf
485,Melisenda,mdrinkalldg,molsendg@rediff.com,KyKIxmc,2021-10-11,mclimodg
486,Babette,bwizdh,bfenckdh@t-online.de,GDcCogUzwJ,2022-03-04,brobuchondh
487,Trudy,tlowndsboroughdi,trankindi@comsenz.com,Z1KRv2Ax,2022-01-19,tthomessondi
488,Bartel,bgiordanodj,bmeaseydj@google.com,kTmNAQ058E,2021-07-21,bchennellsdj
489,Fergus,fevamydk,fdatondk@samsung.com,i9pYxk8ULRO2,2021-08-07,fwilderspoondk
490,Abagail,arowetdl,abeneixdl@vinaora.com,NEjobU2z,2021-12-22,awightmandl
491,Eolande,ebastistinidm,earrodm@irs.gov,OPT0nP,2022-04-12,ehendrendm
492,Dion,dhanveydn,dscobledn@pbs.org,2VaLbWaZ0XSG,2021-10-12,ddrinkhilldn
493,Cyrill,cruggendo,ccluattdo@comcast.net,1tlIjd19LQur,2021-09-17,cgroobydo
494,Jorgan,jduckhamdp,jfoucardp@chron.com,0eHotkxfo2ik,2021-09-19,jmelbourndp
495,Lindsay,lmackowledq,lpendleburydq@columbia.edu,PqlZqt,2021-08-14,lbodleydq
496,Leontyne,lmuttittdr,lwrittledr@microsoft.com,VxdZQWvb,2022-03-14,lharforddr
497,Damien,dgreyesds,dcartyds@skyrock.com,GNo40noq,2021-09-14,ddugoodds
498,Veronica,vstubbingsdt,vlipgensdt@parallels.com,OnB5xdPeptzv,2022-05-11,vhuckerbedt
499,Giusto,gassirattidu,ggaythwaitedu@gizmodo.com,vZaPiCvZSn,2021-05-26,gglencrossdu
500,Murdoch,mkippendv,mbarmbydv@yellowpages.com,0I5jFSUZQ,2022-04-04,mbeeldv
501,Sergei,smargaritellidw,slouwdw@tamu.edu,XlOsXt,2022-03-28,sdownedw
502,Holly,hbehaggdx,htottondx@tmall.com,dZ3Q5N7YPjF,2021-08-19,hredihoughdx
503,Pearline,pcrowestdy,pdockreaydy@github.io,cFS8pC,2022-03-19,prylstonedy
504,Alejoa,awatkissdz,ajacqueminetdz@cbsnews.com,658ZHMjU4u,2022-05-08,akilkennydz
505,Lulita,lgourleye0,lworkese0@tumblr.com,o42GfLI,2021-10-28,lgouldthorpe0
506,Ash,alauderdalee1,aberthe1@unc.edu,AUHKCCTR0dS,2021-07-27,abeamisse1
507,Myrilla,mcamollie2,mhawlgarthe2@vinaora.com,NEOEso,2021-06-25,mridolfie2
508,Carson,cknudsene3,cwrene3@example.com,NDTMHoRpGEVb,2021-08-04,cbilverstonee3
509,Sheena,skelleghere4,sbulmere4@delicious.com,yO4SGc8h,2021-06-29,seckleye4
510,Queenie,qhousbiee5,qbellarde5@washington.edu,wgk3WR75EjgW,2022-04-18,qtheusse5
511,Oswald,oklaine6,osommerlande6@ovh.net,Jz4tGG1G7U,2021-12-22,osalmane6
512,Leicester,lpondere7,lsemainee7@google.cn,szIYrg,2021-11-27,lworrale7
513,Abigail,areadheade8,ayukhninie8@bigcartel.com,H4acf8Mo,2022-02-03,ahumphreye8
514,Ferdy,fodulchontae9,foshiele9@jugem.jp,Y1VDUQVO,2022-03-28,fbarleee9
515,Chet,ckabosea,cizakea@oaic.gov.au,r7GCb4fLa6,2022-03-29,cbazireea
516,Lawrence,ldeereb,lalbertsoneb@ezinearticles.com,XjdmXW0,2021-05-30,leliseb
517,Coop,cmclaineec,cphizackerlyec@csmonitor.com,R2L7HfC,2021-12-20,cmacmickanec
518,Glenn,gwyseed,ggoodinsoned@walmart.com,9JFI16gU,2022-05-17,gbyrded
519,Jacquie,jdallonee,jbergeree@wordpress.org,NqCoyjBC,2022-04-21,jdunnettee
520,Neill,nloinsef,neamef@hao123.com,zpNhOas,2022-04-01,ngoldaef
521,Oliver,otinkhameg,obaldonieg@zimbio.com,8Q7Ijf,2022-04-21,oedgecombeeg
522,Danya,dstoakleyeh,dauberteh@gov.uk,MYjacs3V,2021-11-25,dglaistereh
523,Gare,gcollishawei,gkeightleyei@canalblog.com,9DhdHjvzRlx,2021-11-17,gweaverei
524,Carry,cnieceej,cwatsonbrownej@ow.ly,pvvM4Z8,2021-12-31,cbursnallej
525,Laurel,ldettmarek,lstokesek@cam.ac.uk,N8vWFp87,2021-10-11,lbewlayek
526,Maible,mbarokel,mbeaconel@qq.com,DcBvtIgy1mb,2022-02-01,mflacknoeel
527,Levi,lkolyaginem,lboottonem@cam.ac.uk,5US4gEuCIb,2021-10-10,lhousenem
528,Linet,lcruessen,lraycroften@weebly.com,nVRLYpj,2022-03-30,lagnoloen
529,Carolee,ccosgreaveeo,ctremathickeo@engadget.com,OU3pyEwtxCG,2021-11-14,cmccheyneeo
530,Heida,hcarenep,hflooksep@merriam-webster.com,xXn8kgp,2021-11-04,hremerep
531,Elsi,eivoryeq,efeldbaueq@rediff.com,ET3FBM,2022-02-14,ecaswalleq
532,Sydel,sfoucher,sdangelier@ucsd.edu,EgCsmuQkvf,2021-08-18,sroddener
533,Nikaniki,nboddises,nrashleighes@cyberchimps.com,mM0QSxt,2022-04-23,nminghellaes
534,Carlie,cduferieet,ceasteset@hhs.gov,Sw6vqu6Yc,2022-03-06,charbinsonet
535,Alecia,apiniureu,acushioneu@tripadvisor.com,zH5eYw,2021-10-13,aquineu
536,Barbara,bgiffkinsev,btrevethanev@ehow.com,yv4iztwS8Z,2022-05-07,bgrigoroniev
537,Nichole,njotchamew,ngundreyew@macromedia.com,zoidPt,2021-12-15,nwakemanew
538,Alta,apurleex,aswainex@netvibes.com,AQ4PEV5y,2021-11-23,achessorex
539,Demetris,dbogueey,dforesteley@amazon.de,rxc7vOEz,2021-08-12,dkebelley
540,Lizzie,lpadgintonez,lcustyez@netlog.com,vMt7wyoS6,2021-11-30,lcoplandez
541,Albrecht,arickerdf0,acharkhamf0@youtu.be,8xykQkB,2021-08-25,abromagef0
542,Emera,eposkittf1,ejenkinsonf1@netvibes.com,qoABo35AB,2021-10-23,emossdalef1
543,Jamima,jhegdenf2,jfieldf2@nature.com,la6jnluiA,2021-12-08,jthodayf2
544,Jaime,jbryersf3,jpeppinf3@whitehouse.gov,OUoIdfxDW1,2021-10-04,jfoulcherf3
545,Merell,mseyf4,mjordansonf4@nasa.gov,BTq6l00eCo,2021-12-15,mfishleyf4
546,Milton,mjellmanf5,mburrissf5@ucoz.ru,mG9IYo1hZtRY,2021-12-23,mhalbardf5
547,Levin,ldionisof6,lbowerf6@google.ru,gVcgcUZwj,2021-08-31,lweekef6
548,Trish,tskillf7,tattacf7@cnn.com,srAjTBNpkK4p,2021-11-02,thenderf7
549,Korry,knegrif8,kaldersonf8@cnet.com,bumZWl,2021-12-22,kdepportf8
550,Hannie,hletherburyf9,hcunnowf9@ovh.net,s54rG53A,2021-11-05,htedstonef9
551,Orville,omawsonfa,ohingefa@mlb.com,w1nLgFOWHd,2021-09-18,ojoselevitzfa
552,Riva,relletsonfb,rdiglefb@liveinternet.ru,8BQUFWrhd,2021-06-08,rledramfb
553,Barb,bguietfc,bjestefc@icio.us,zRUHCpv2ML,2022-02-03,blyttonfc
554,Wileen,waldertonfd,wclyantfd@bravesites.com,Ps966YLyb,2021-09-18,wmetzkefd
555,Dolf,dfilsonfe,dedgsonfe@bbc.co.uk,fSIW7a2S6T,2021-09-04,dstuckfe
556,Lazar,lhaselff,lmapesff@google.de,sImuZqvteI,2021-11-02,lcraufordff
557,Crosby,ctamplingfg,cgullickfg@surveymonkey.com,Quobs4HV,2021-05-26,csteffanfg
558,Reinhard,rstivanifh,rbradnickfh@domainmarket.com,EfgU38U,2022-01-15,rkinforthfh
559,Dannie,dmelmethfi,dfillimorefi@blogtalkradio.com,xVXT96,2021-08-26,dmalinfi
560,Georgiana,gepsleyfj,glowryfj@statcounter.com,CbcNp2WK,2022-01-27,gchezierfj
561,Boycie,bhambrickfk,bhansellfk@biblegateway.com,lfWSQ3OD,2022-02-15,bbedfordfk
562,Boris,bseakinfl,bgeavesfl@barnesandnoble.com,HTkML6,2021-11-26,bspeermanfl
563,Jack,jdandfm,jharriesfm@uol.com.br,mOywjKOKP7,2021-10-10,jberkafm
564,Josias,jsantefn,jadamkiewiczfn@ucoz.ru,MUGAFVVWH,2021-10-22,jmottershawfn
565,Jason,jfrancombefo,jbrindfo@apache.org,1lFIBm,2021-06-14,jlorainfo
566,Tadio,tbiddlefp,tledgardfp@blogspot.com,lOmA3aFvW,2022-01-11,tmcconvillefp
567,Lawton,lfindlaterfq,ldallicottfq@kickstarter.com,XbDPX8nG,2022-02-19,ltytfq
568,Kirbie,kdutsonfr,kaughtiefr@google.com.br,DiDhjcLe1,2022-01-29,kdaberfr
569,Mathilde,mvedenichevfs,msimanfs@is.gd,Xj8ug0mZgWN,2022-05-05,mkeunemannfs
570,Warner,wfettisft,wshirlawft@t.co,jm7q3tS9Tat,2021-06-14,wionft
571,Roberto,rdallasfu,rbohmanfu@who.int,fGu8IDzs,2021-06-11,rleadsfu
572,Lisha,ltoffettofv,ldagwellfv@163.com,Dq17txM8B9,2021-08-24,lsancraftfv
573,Luciano,lprierfw,lbrokenbrowfw@sun.com,S3C2C1FOCA,2022-04-08,lmaliafw
574,Nathalia,nbankhurstfx,nseedsfx@reverbnation.com,1wqcSIDwq24P,2021-12-15,nlohdenfx
575,Merill,midlefy,mpinarefy@ca.gov,kK9S3ta,2022-01-28,mslaineyfy
576,Ingamar,ihaitliefz,ilivingstonefz@jigsy.com,1CivFn,2022-02-10,ibonsalefz
577,Bianca,bdebischopg0,bgoldenofirelandg0@instagram.com,LlZaQkepqH,2022-03-14,bmangenotg0
578,Teriann,tgiffong1,temblingg1@state.gov,pwFeec,2021-11-16,tjarroldg1
579,Dionysus,dsowrahg2,dfettesg2@admin.ch,MmXpOa,2022-05-09,dherriesg2
580,Audre,aroxbroughg3,anicholg3@elpais.com,SZhhUU2oM,2022-02-12,aroadknightg3
581,Courtnay,cmuttittg4,ccoopmang4@about.me,RMkkFVmUK,2022-04-25,ccastelluccig4
582,Griswold,ghallexg5,gommundseng5@netlog.com,UjcTnJEAI80,2022-01-12,gstollmeierg5
583,Hazel,hcuttelarg6,hfriftg6@de.vu,J52zjZSkKmVc,2021-07-27,hisoldig6
584,Ashia,anisiusg7,abartotg7@multiply.com,6TfJc0DnjC,2022-05-03,arubinshteing7
585,Sidnee,scordeng8,sblakeleyg8@examiner.com,Fb9qCEnzOJt,2021-06-19,sdaleg8
586,Onfroi,oharbrong9,oaptedg9@tumblr.com,c7jE41ZxDopr,2021-06-06,ojowleg9
587,Morgun,mkenchingtonga,mreemega@qq.com,uJMROX,2021-09-22,msaturleyga
588,Zachary,zfollettgb,zshingfieldgb@addtoany.com,K521k2y8ljI,2022-03-23,zswetlandgb
589,Sutherland,sjessgc,scortongc@yandex.ru,fKYlee6L,2021-09-23,sbindinggc
590,Shepperd,smolandgd,sbatistelligd@reddit.com,S8Jfjxtk,2022-03-14,sswattengd